Team,Year,Name,Age_x,Position_x,Games_x,Games Started_x,Minutes Played Per Game,Field Goals Per Game,Field Goal Attempts Per Game,Field Goal Percentage,3-Point Field Goals Per Game,3-Point Field Goal Attempts Per Game,3-Point Field Goal Percentage,2-Point Field Goals Per Game,2-Point Field Goal Attempts Per Game,2-Point Field Goal Percentage,Effective Field Goal Percentage,Free Throws Per Game,Free Throw Attempts Per Game,Free Throw Percentage,Offensive Rebounds Per Game,Defensive Rebounds Per Game,Total Rebounds Per Game,Assists Per Game,Steals Per Game,Blocks Per Game,Turnovers Per Game,Personal Fouls Per Game,Points Per Game,Awards_x,Age_y,Position_y,Games_y,Games Started_y,Minutes Played,PG%,SG%,SF%,PF%,C%,OnCourt +/-,On-Off +/-,Bad Pass TO,Lost Ball TO,Shooting Fouls,Offensive Fouls,Shooting Fouls Drawn,Points Generated by Assists,And1s,Shots Blocked,Awards_y
CLE,2000,Lamond Murray,26,SF,74,72,32.0,6.2,13.8,.451,0.7,1.9,.367,5.5,11.9,.465,.476,2.8,3.6,.761,1.7,4.0,5.7,1.8,1.4,0.5,2.5,2.8,15.9,,26,SF,74,72,2365,0,1,90,10,0,-6.3,-0.7,56,36,70,44,110,17,272,19,53
CLE,2000,Shawn Kemp,30,C,82,82,30.4,5.9,14.1,.417,0.0,0.1,.333,5.9,14.1,.418,.418,6.0,7.7,.776,2.8,6.0,8.8,1.7,1.2,1.2,3.5,4.5,17.8,,30,C,82,82,2492,0,0,0,0,100,-3.2,7.7,71,46,158,85,244,16,288,45,137
CLE,2000,Bob Sura,26,SG,73,45,30.4,4.9,11.2,.437,1.7,4.5,.367,3.2,6.6,.484,.512,2.4,3.4,.697,0.7,3.3,3.9,3.9,1.2,0.3,2.0,2.8,13.8,,26,SG,73,45,2216,1,96,3,0,0,-7.0,-2.2,67,38,67,17,79,33,583,13,48
CLE,2000,Brevin Knight,24,PG,65,46,27.0,3.5,8.6,.412,0.0,0.2,.200,3.5,8.4,.416,.414,2.2,2.8,.761,0.6,2.4,3.0,7.0,1.6,0.3,2.4,2.8,9.3,,24,PG,65,46,1754,99,1,0,0,0,-6.0,-0.1,101,23,61,10,49,30,978,12,26
CLE,2000,Wesley Person,28,SG,79,38,26.0,3.5,8.3,.428,1.3,3.2,.424,2.2,5.1,.431,.509,0.8,1.0,.792,0.6,2.8,3.4,1.8,0.5,0.2,0.8,1.5,9.2,,28,SG,79,38,2056,0,70,30,0,0,-5.0,2.2,29,10,40,12,24,8,291,6,23
CLE,2000,Andre Miller,23,PG,82,36,25.5,4.1,9.2,.449,0.1,0.6,.204,4.0,8.6,.466,.456,2.8,3.6,.774,1.0,2.4,3.4,5.8,1.0,0.2,2.0,2.4,11.1,ROY-4,23,PG,82,36,2093,91,9,0,0,0,-3.6,5.0,80,34,66,20,115,28,1024,25,87
CLE,2000,Mark Bryant,34,PF,75,50,22.8,2.3,4.6,.503,0.0,0.0,,2.3,4.6,.503,.503,1.0,1.3,.809,1.7,3.0,4.7,0.8,0.4,0.4,1.2,3.3,5.7,,34,PF,75,50,1712,0,0,3,96,1,-4.1,3.3,24,18,71,31,33,22,137,6,17
CLE,2000,Andrew DeClercq,26,C,82,31,22.3,2.7,5.4,.508,0.0,0.0,,2.7,5.4,.508,.508,1.1,2.0,.588,1.9,3.5,5.4,0.7,0.8,0.8,1.3,3.4,6.6,,26,C,82,31,1831,0,0,0,47,53,-9.8,-7.0,29,30,143,33,69,37,113,14,54
CLE,2000,Danny Ferry,33,PF,63,3,21.0,3.0,6.0,.497,0.5,1.2,.440,2.5,4.8,.511,.541,0.8,0.9,.912,0.9,2.9,3.8,1.1,0.3,0.4,0.9,2.9,7.3,,33,PF,63,3,1326,0,0,5,72,23,-5.4,1.0,30,5,74,15,11,20,136,1,6
CLE,2000,Cedric Henderson,24,SF,61,7,18.1,2.1,5.3,.396,0.0,0.2,.067,2.1,5.1,.412,.397,1.1,1.7,.663,0.6,1.7,2.3,0.9,0.6,0.3,1.1,1.6,5.4,,24,SF,61,7,1107,0,5,91,3,0,-8.9,-4.0,33,14,33,9,43,10,119,8,24
CLE,2000,Trajan Langdon,23,SG,10,0,14.5,1.5,4.0,.375,0.8,1.9,.421,0.7,2.1,.333,.475,1.1,1.1,1.000,0.4,1.1,1.5,1.1,0.5,0.0,0.6,1.6,4.9,,23,SG,10,0,145,0,96,4,0,0,22.0,29.1,2,0,9,2,4,2,22,2,3
CLE,2000,Earl Boykins,23,PG,25,0,10.1,2.1,4.5,.473,0.3,0.8,.400,1.8,3.7,.489,.509,0.7,0.9,.783,0.4,0.6,1.0,1.8,0.5,0.0,0.7,0.9,5.3,,23,PG,25,0,253,100,0,0,0,0,-21.7,-16.7,12,1,6,1,5,3,97,1,2
CLE,2000,Ryan Stack,24,PF,25,0,7.9,0.7,2.0,.333,0.0,0.0,.000,0.7,2.0,.340,.333,0.7,1.1,.667,0.6,1.2,1.8,0.2,0.2,0.4,0.7,1.9,2.1,,24,PF,25,0,198,0,0,4,59,38,-8.9,-3.1,4,4,29,7,9,5,11,1,13
CLE,2000,A.J. Bramlett,23,C,8,0,7.6,0.5,2.6,.190,0.0,0.0,,0.5,2.6,.190,.190,0.0,0.0,,1.5,1.3,2.8,0.0,0.1,0.0,0.4,1.6,1.0,,23,C,8,0,61,0,0,0,46,55,-39.9,-34.4,0,0,7,2,0,2,0,0,2
CLE,2000,Donny Marshall,27,SF,6,0,6.5,0.5,1.8,.273,0.0,0.5,.000,0.5,1.3,.375,.273,0.8,1.0,.833,0.0,0.2,0.2,0.0,0.3,0.0,0.5,1.2,1.8,,27,SF,6,0,39,0,17,83,0,0,-5.6,0.5,1,0,1,2,3,1,0,0,1
CLE,2000,Lari Ketner,22,PF,16,0,5.7,0.6,1.4,.409,0.0,0.0,,0.6,1.4,.409,.409,0.4,0.6,.600,0.8,0.9,1.7,0.0,0.2,0.1,0.4,0.8,1.5,,22,PF,16,0,91,0,0,0,41,59,-22.4,-16.8,3,1,3,0,2,0,0,0,2
CLE,2000,Kornél Dávid,28,SF,6,0,5.2,0.7,1.5,.444,0.0,0.0,,0.7,1.5,.444,.444,0.5,0.7,.750,0.7,0.7,1.3,0.2,0.7,0.2,0.3,1.2,1.8,,28,SF,6,0,31,0,0,0,94,6,-16.5,-10.6,0,1,1,1,1,0,2,0,0
CLE,2000,Pete Chilcutt,31,PF,6,0,5.0,0.0,0.3,.000,0.0,0.0,,0.0,0.3,.000,.000,0.0,0.0,,0.7,0.8,1.5,0.2,0.0,0.0,0.0,0.5,0.0,,31,PF,6,0,30,0,0,17,50,33,-36.6,-30.8,0,0,0,0,0,1,3,0,0
CLE,2000,Mark Hendrickson,25,PF,10,0,4.7,0.5,0.7,.714,0.0,0.0,,0.5,0.7,.714,.714,0.2,0.2,1.000,0.2,0.9,1.1,0.3,0.2,0.1,0.3,0.7,1.2,,25,PF,10,0,47,0,0,0,96,4,-19.8,-14.0,1,1,1,0,0,0,6,0,1
CLE,2000,Benoit Benjamin,35,C,3,0,2.7,0.3,1.0,.333,0.0,0.0,,0.3,1.0,.333,.333,0.0,0.0,,0.0,0.3,0.3,0.0,0.0,0.3,0.0,0.3,0.7,,35,C,3,0,8,0,0,0,0,100,54.4,60.6,0,0,0,0,0,1,0,0,0
CLE,2000,Team Totals,,,82,82,242.1,36.3,82.1,.442,4.2,11.2,.373,32.1,70.9,.453,.468,20.2,26.9,.750,12.3,30.5,42.8,23.7,8.7,4.4,17.4,27.1,97.0,,,,82,82,19855,20,20,20,20,20,-6.0,0.6,543,262,840,291,801,236,4082,153,499
CLE,2001,Andre Miller,24,PG,82,82,34.7,5.5,12.2,.452,0.2,0.8,.266,5.3,11.4,.465,.461,4.6,5.5,.833,1.1,3.2,4.4,8.0,1.5,0.3,3.2,2.8,15.8,,24,PG,82,82,2848,97,3,0,0,0,-1.3,12.4,147,64,78,26,171,1388,32,92,
CLE,2001,Clarence Weatherspoon,30,PF,82,82,33.8,4.2,8.4,.501,0.0,0.0,,4.2,8.4,.501,.501,2.8,3.5,.790,2.7,7.0,9.7,1.3,1.0,1.3,1.4,2.1,11.3,,30,PF,82,82,2774,0,0,0,93,7,-5.6,-2.6,30,42,84,19,123,217,21,91,
CLE,2001,Jim Jackson,30,SF,39,26,29.2,4.2,10.6,.390,0.3,1.1,.238,3.9,9.6,.408,.402,1.7,2.2,.786,0.9,2.8,3.7,2.9,0.9,0.2,2.1,2.5,10.3,,30,SF,39,26,1140,0,66,32,1,0,-7.0,-3.1,45,19,52,7,28,238,3,21,
CLE,2001,Matt Harpring,24,SG,56,55,28.8,4.3,9.4,.454,0.2,0.9,.250,4.0,8.4,.477,.467,2.4,2.9,.812,1.6,2.7,4.3,1.8,0.8,0.3,1.6,2.9,11.1,,24,SG,56,55,1615,0,59,41,0,0,-5.5,-1.1,44,24,78,17,63,216,10,40,
CLE,2001,Lamond Murray,27,SF,78,46,28.5,5.0,11.9,.423,0.8,2.1,.370,4.2,9.7,.434,.456,2.0,2.7,.735,1.3,3.0,4.4,1.6,1.1,0.3,1.8,2.2,12.8,,27,SF,78,46,2225,0,0,86,13,0,-5.0,-0.5,58,33,71,34,100,259,18,53,
CLE,2001,Zydrunas Ilgauskas,25,C,24,24,25.7,4.8,9.8,.487,0.0,0.1,.000,4.8,9.7,.491,.487,2.2,3.3,.679,2.7,4.0,6.7,0.8,0.6,1.5,2.5,3.3,11.7,,25,C,24,24,616,0,0,0,0,100,-1.3,4.1,13,15,30,13,38,39,6,17,
CLE,2001,Chris Gatling,33,PF,74,6,22.6,4.4,9.9,.449,0.4,1.2,.304,4.1,8.7,.470,.468,2.1,3.1,.684,1.3,3.9,5.3,0.8,0.7,0.4,1.6,2.5,11.4,,33,PF,74,6,1670,0,0,0,42,58,-6.3,-2.6,47,30,68,26,97,133,27,48,
CLE,2001,Wesley Person,29,SG,44,22,21.8,2.9,6.6,.438,0.8,1.9,.405,2.1,4.7,.452,.497,0.5,0.7,.800,0.3,2.7,3.0,1.5,0.6,0.3,0.9,1.4,7.1,,29,SG,44,22,958,0,97,3,0,0,-2.5,3.1,18,10,22,8,9,133,1,11,
CLE,2001,Chris Mihm,21,C,59,43,19.8,2.9,6.6,.442,0.0,0.0,.000,2.9,6.6,.444,.442,1.7,2.1,.794,1.8,2.9,4.7,0.3,0.3,0.9,1.4,2.6,7.6,,21,C,59,43,1166,0,0,0,0,100,-4.2,0.8,15,29,78,21,51,35,9,49,
CLE,2001,Cedric Henderson,25,SF,55,10,17.5,1.9,4.8,.389,0.0,0.1,.125,1.8,4.6,.398,.391,0.5,0.8,.652,0.3,1.3,1.6,1.4,0.5,0.4,1.1,1.8,4.3,,25,SF,55,10,961,0,14,78,7,0,-6.9,-2.8,36,12,46,4,20,166,6,16,
CLE,2001,Robert Traylor,23,C,70,7,17.3,2.3,4.6,.497,0.0,0.0,.000,2.3,4.6,.500,.497,1.1,2.0,.567,1.8,2.5,4.3,0.9,0.7,1.1,1.4,2.9,5.7,,23,C,70,7,1212,0,0,0,20,80,-3.7,1.6,16,32,91,25,69,139,17,46,
CLE,2001,Trajan Langdon,24,SG,65,5,17.2,2.1,4.8,.431,0.8,1.9,.411,1.3,2.9,.444,.513,1.0,1.2,.895,0.2,1.2,1.4,1.2,0.6,0.1,0.8,1.8,6.0,,24,SG,65,5,1116,2,97,2,0,0,-1.9,4.0,22,14,54,11,20,171,6,24,
CLE,2001,Bimbo Coles,32,PG,47,0,17.1,1.9,5.1,.381,0.0,0.3,.125,1.9,4.7,.399,.385,1.0,1.2,.857,0.2,0.8,1.0,2.9,0.6,0.1,1.3,1.9,4.9,,32,PG,47,0,804,100,0,0,0,0,-11.1,-7.8,27,12,27,7,21,290,4,18,
CLE,2001,Brevin Knight,25,PG,6,0,15.5,0.3,2.5,.133,0.0,0.0,,0.3,2.5,.133,.133,0.8,1.0,.833,0.2,1.0,1.2,4.2,1.0,0.2,1.2,2.8,1.5,,25,PG,6,0,93,100,0,0,0,0,-10.0,-5.4,3,4,4,0,2,54,0,1,
CLE,2001,Chucky Brown,32,SF,20,2,13.3,1.6,3.8,.413,0.0,0.1,.000,1.6,3.7,.419,.413,0.8,1.2,.667,0.3,1.6,1.8,0.3,0.3,0.3,0.3,1.4,3.9,,32,SF,20,2,265,0,3,79,18,0,-6.0,-1.2,4,0,9,2,12,13,2,8,
CLE,2001,Anthony Johnson,26,PG,28,0,8.3,1.0,2.9,.333,0.0,0.1,.500,0.9,2.8,.329,.340,0.4,0.6,.688,0.3,0.5,0.8,1.6,0.2,0.0,0.5,0.8,2.4,,26,PG,28,0,232,97,4,0,0,0,-8.6,-4.1,7,4,9,0,6,95,1,6,
CLE,2001,Michael Hawkins,28,PG,10,0,7.6,0.3,0.9,.333,0.2,0.4,.500,0.1,0.5,.200,.444,0.0,0.0,,0.2,0.3,0.5,1.3,0.2,0.0,0.6,1.3,0.8,,28,PG,10,0,76,100,0,0,0,0,-23.2,-18.8,5,1,7,0,0,28,0,0,
CLE,2001,J.R. Reid,32,PF,6,0,6.5,0.3,0.8,.400,0.0,0.0,,0.3,0.8,.400,.400,1.0,1.3,.750,0.8,0.5,1.3,0.2,0.3,0.2,0.2,0.7,1.7,,32,PF,6,0,39,0,0,0,20,80,-24.5,-20.0,0,0,1,1,2,3,0,0,
CLE,2001,Etdrick Bohannon,27,PF,6,0,3.2,0.3,0.7,.500,0.0,0.0,,0.3,0.7,.500,.500,0.7,0.7,1.000,0.5,0.7,1.2,0.0,0.0,0.3,0.2,0.7,1.3,,27,PF,6,0,19,0,0,0,43,57,20.7,25.6,0,0,1,1,1,0,0,1,
CLE,2001,Larry Robinson,33,SG,1,0,1.0,0.0,0.0,,0.0,0.0,,0.0,0.0,,,0.0,0.0,,0.0,0.0,0.0,0.0,0.0,0.0,1.0,0.0,0.0,,33,SG,1,0,1,0,100,0,0,0,-166.7,-161.9,0,1,0,0,0,0,0,0,
CLE,2001,Team Totals,,,82,82,241.8,35.2,79.7,.442,2.7,8.0,.334,32.6,71.6,.455,.459,19.0,24.9,.765,12.4,29.8,42.1,20.8,7.8,5.3,16.5,23.2,92.2,,,,82,82,19830,20,20,20,20,20,-4.8,0.9,537,346,810,222,833,3617,163,542,
CLE,2002,Andre Miller,25,PG,81,81,37.3,5.9,12.9,.454,0.3,1.1,.253,5.6,11.8,.472,.464,4.5,5.5,.817,1.3,3.3,4.7,10.9,1.6,0.4,3.0,2.8,16.5,,25,PG,81,81,3023,97,4,0,0,0,-1.7,8.5,148,60,84,22,163,1938,20,91,
CLE,2002,Wesley Person,30,SG,78,78,35.8,6.0,12.1,.495,1.8,4.1,.444,4.2,8.0,.521,.570,1.3,1.6,.798,0.6,3.1,3.8,2.2,1.0,0.5,0.9,1.2,15.1,,30,SG,78,78,2793,2,86,11,0,0,-1.1,9.0,38,22,34,12,31,371,10,29,
CLE,2002,Lamond Murray,28,SF,71,68,32.6,6.1,13.9,.436,1.4,3.4,.424,4.6,10.5,.440,.487,3.0,3.7,.817,1.1,4.1,5.2,2.2,1.0,0.6,2.0,2.1,16.6,,28,SF,71,68,2312,0,1,83,16,0,-3.0,1.7,52,46,68,28,111,334,21,63,
CLE,2002,Tyrone Hill,33,PF,26,26,31.2,2.7,7.0,.390,0.0,0.0,.000,2.7,7.0,.392,.390,2.6,4.0,.650,3.0,7.5,10.5,0.9,0.7,0.5,1.8,3.9,8.0,,33,PF,26,26,810,0,0,0,74,26,-2.2,1.9,16,11,54,13,43,49,9,31,
CLE,2002,Jumaine Jones,22,PF,81,36,26.4,3.5,7.9,.448,0.6,2.1,.310,2.9,5.8,.498,.489,0.6,0.8,.662,1.5,4.5,6.0,1.4,0.9,0.6,1.0,2.3,8.3,,22,PF,81,36,2142,0,0,15,82,3,-2.2,3.4,37,22,110,12,23,253,3,25,
CLE,2002,Ricky Davis,22,SF,82,8,23.8,4.6,9.5,.481,0.1,0.4,.314,4.5,9.1,.489,.488,2.4,3.0,.790,0.8,2.2,3.0,2.2,0.8,0.3,1.8,1.8,11.7,6MOY-8,22,SF,82,8,1954,0,30,68,2,0,-4.2,-1.0,68,50,74,6,108,401,23,48,6MOY-8
CLE,2002,Chris Mihm,22,C,74,60,22.4,3.0,7.1,.420,0.0,0.1,.429,2.9,7.0,.420,.423,1.7,2.4,.693,1.8,3.5,5.3,0.3,0.2,1.2,1.3,3.5,7.7,,22,C,74,60,1659,0,0,0,11,90,-8.7,-8.6,17,21,114,41,84,56,12,50,
CLE,2002,Zydrunas Ilgauskas,26,C,62,23,21.4,3.9,9.1,.425,0.0,0.1,.000,3.9,9.1,.429,.425,3.4,4.5,.754,2.2,3.2,5.4,1.1,0.3,1.4,1.5,3.0,11.1,,26,C,62,23,1329,0,0,0,0,100,-4.0,-0.3,23,20,96,27,125,158,19,42,
CLE,2002,Brian Skinner,25,PF,65,8,17.0,1.4,2.5,.543,0.0,0.0,,1.4,2.5,.543,.543,0.7,1.2,.608,1.4,2.9,4.3,0.3,0.4,0.9,0.6,2.0,3.4,,25,PF,65,8,1107,0,0,0,65,35,-1.5,3.1,13,13,55,10,37,41,10,27,
CLE,2002,Michael Doleac,24,C,42,15,16.8,1.9,4.5,.417,0.0,0.0,,1.9,4.5,.417,.417,0.9,1.1,.826,1.1,2.9,4.0,0.6,0.4,0.3,0.9,2.3,4.6,,24,C,42,15,705,0,0,0,44,56,-9.1,-6.5,16,10,55,8,20,52,2,16,
CLE,2002,Bimbo Coles,33,PG,47,1,14.7,1.2,3.1,.384,0.1,0.4,.200,1.1,2.7,.413,.397,0.7,0.8,.892,0.3,0.9,1.2,2.3,0.3,0.1,0.7,1.3,3.2,,33,PG,47,1,693,100,0,0,0,0,-14.9,-13.5,18,8,18,4,12,228,3,9,
CLE,2002,Bryant Stith,31,SG,50,5,13.3,1.4,3.8,.372,0.5,1.4,.353,0.9,2.4,.383,.436,0.9,1.0,.846,0.4,1.3,1.7,0.8,0.6,0.1,0.6,0.8,4.2,,31,SG,50,5,665,2,88,11,0,0,-8.8,-6.1,15,5,22,5,24,88,11,15,
CLE,2002,Trajan Langdon,25,SG,44,0,10.8,1.6,4.0,.398,0.6,1.7,.365,1.0,2.3,.422,.474,1.0,1.0,.913,0.3,1.0,1.3,1.4,0.3,0.1,0.9,1.1,4.8,,25,SG,44,0,477,59,39,2,0,0,-0.7,3.4,19,9,24,8,16,128,5,9,
CLE,2002,Jeff Trepagnier,22,SG,12,0,6.4,0.6,1.9,.304,0.0,0.1,.000,0.6,1.8,.318,.304,0.3,0.6,.571,0.3,0.8,1.0,1.0,0.7,0.3,0.9,0.7,1.5,,22,SG,12,0,77,11,88,1,0,0,4.9,8.8,7,3,4,0,2,26,0,2,
CLE,2002,DeSagana Diop,20,C,18,1,6.1,0.7,1.6,.414,0.0,0.0,,0.7,1.6,.414,.414,0.1,0.3,.200,0.3,0.7,0.9,0.3,0.1,0.6,0.7,1.1,1.4,,20,C,18,1,109,0,0,0,7,94,-4.8,-1.1,4,5,15,1,2,11,2,2,
CLE,2002,Team Totals,,,82,82,242.1,36.0,80.3,.448,4.7,12.5,.377,31.2,67.8,.461,.477,18.6,24.1,.772,11.8,30.3,42.1,23.1,7.0,5.7,14.6,21.4,95.3,,,,82,82,19855,20,20,20,20,20,-3.8,1.7,491,305,827,197,801,4134,150,459,
CLE,2003,Ricky Davis,23,SG,79,76,39.6,7.6,18.6,.410,0.9,2.6,.363,6.7,16.0,.417,.435,4.4,5.9,.748,1.2,3.7,4.9,5.5,1.6,0.5,3.5,2.3,20.6,,23,SG,79,76,3131,1,82,17,0,0,-10.6,-0.9,143,78,100,17,157,940,33,74,
CLE,2003,Zydrunas Ilgauskas,27,C,81,81,30.0,6.1,13.9,.441,0.0,0.1,.000,6.1,13.8,.443,.441,4.9,6.3,.781,3.0,4.6,7.5,1.6,0.7,1.9,2.6,3.4,17.2,AS,27,C,81,81,2432,0,0,0,0,100,-9.0,3.9,72,58,134,37,224,277,37,78,AS
CLE,2003,Darius Miles,21,SF,67,62,30.0,3.9,9.6,.410,0.0,0.2,.000,3.9,9.4,.419,.410,1.4,2.3,.594,1.7,3.7,5.4,2.6,1.0,1.0,2.7,2.4,9.2,,21,SF,67,62,2008,0,0,73,27,0,-10.7,-0.6,79,53,74,22,70,370,11,48,
CLE,2003,Dajuan Wagner,19,SG,47,24,29.5,4.7,12.9,.369,1.2,3.7,.316,3.6,9.2,.390,.414,2.7,3.4,.800,0.4,1.3,1.7,2.8,0.8,0.1,1.8,2.3,13.4,,19,SG,47,24,1385,41,58,1,0,0,-10.2,0.4,33,32,51,10,58,280,6,61,
CLE,2003,Jumaine Jones,23,SF,80,12,27.6,3.9,8.9,.434,1.4,3.9,.354,2.5,5.0,.497,.512,0.7,1.0,.687,1.3,3.7,5.1,1.4,0.8,0.3,1.3,2.2,9.8,,23,SF,80,12,2204,0,9,86,5,0,-9.5,2.1,62,23,78,14,32,238,7,25,
CLE,2003,Tyrone Hill,34,PF,32,25,26.7,2.7,6.2,.431,0.0,0.0,,2.7,6.2,.431,.431,1.0,1.4,.733,2.2,6.2,8.3,1.0,1.0,0.6,1.6,3.3,6.3,,34,PF,32,25,855,0,0,0,93,7,-9.5,1.2,24,9,45,7,21,70,5,24,
CLE,2003,Carlos Boozer,21,PF,81,54,25.3,4.1,7.6,.536,0.0,0.0,.000,4.1,7.6,.536,.536,1.8,2.4,.771,2.5,5.0,7.5,1.3,0.7,0.6,1.3,2.8,10.0,ROY-7,21,PF,81,54,2049,0,0,1,88,11,-12.2,-3.7,39,32,117,20,88,224,16,59,ROY-7
CLE,2003,Milt Palacio,24,PG,80,46,24.7,2.0,4.9,.418,0.1,0.5,.216,1.9,4.4,.439,.428,0.8,1.1,.747,0.6,2.3,2.9,3.2,0.9,0.2,1.6,2.1,5.0,,24,PG,80,46,1976,93,7,0,0,0,-12.1,-3.2,79,21,76,13,32,563,4,28,
CLE,2003,Bimbo Coles,34,PG,21,11,24.6,1.6,5.7,.286,0.3,1.2,.280,1.3,4.5,.287,.315,1.3,1.6,.794,0.5,1.8,2.3,2.7,0.5,0.2,0.9,2.0,4.9,,34,PG,21,11,516,100,0,0,0,0,-13.6,-3.6,13,3,16,1,7,116,0,8,
CLE,2003,Smush Parker,21,PG,66,18,16.7,2.1,5.1,.402,0.6,1.8,.322,1.5,3.3,.445,.459,1.5,1.8,.831,0.4,1.4,1.8,2.5,0.7,0.2,2.0,1.6,6.2,,21,PG,66,18,1103,76,23,0,0,0,-9.3,1.6,79,30,38,6,43,345,12,34,
CLE,2003,Chris Mihm,23,C,52,0,15.6,2.2,5.5,.404,0.0,0.1,.000,2.2,5.5,.408,.404,1.5,2.0,.724,1.8,2.7,4.4,0.5,0.3,0.7,0.9,2.4,5.9,,23,C,52,0,809,0,0,0,26,74,-8.5,2.5,10,12,69,9,43,60,3,28,
CLE,2003,DeSagana Diop,21,PF,80,1,11.8,0.7,1.9,.351,0.0,0.0,,0.7,1.9,.351,.351,0.1,0.4,.367,0.8,1.9,2.7,0.5,0.4,1.0,0.7,1.9,1.5,,21,PF,80,1,943,0,0,0,38,62,-13.2,-3.6,26,16,103,8,14,90,2,8,
CLE,2003,Tierre Brown,23,PG,15,0,11.2,1.8,3.9,.458,0.0,0.1,.000,1.8,3.9,.466,.458,0.7,0.9,.786,0.5,1.5,2.0,2.6,0.9,0.0,1.5,0.6,4.3,,23,PG,15,0,168,100,0,0,0,0,4.5,15.6,16,4,4,1,8,87,4,8,
CLE,2003,Michael Stewart,27,PF,47,0,5.3,0.3,0.8,.378,0.0,0.0,,0.3,0.8,.378,.378,0.2,0.3,.667,0.4,0.8,1.2,0.1,0.0,0.3,0.2,0.9,0.8,,27,PF,47,0,251,0,1,17,63,19,-11.2,-0.8,7,1,25,2,5,14,1,11,
CLE,2003,Team Totals,,,82,82,241.8,34.8,82.3,.422,3.6,10.9,.327,31.2,71.3,.437,.444,18.3,24.5,.747,13.6,31.0,44.6,20.9,7.8,6.4,18.3,22.7,91.4,,,,82,82,19830,20,20,20,20,20,-10.5,-0.1,682,372,930,167,802,3674,141,494,
CLE,2004,LeBron James,19,SG,79,79,39.5,7.9,18.9,.417,0.8,2.7,.290,7.1,16.1,.438,.438,4.4,5.8,.754,1.3,4.2,5.5,5.9,1.6,0.7,3.5,1.9,20.9,"MVP-9,ROY-1",19,SG,79,79,3122,14,74,11,0,0,-2.6,2.2,129,77,52,36,187,983,47,76,"MVP-9,ROY-1"
CLE,2004,Ricky Davis,24,SG,22,22,36.2,6.1,14.1,.431,0.8,2.2,.354,5.3,12.0,.445,.458,2.3,3.4,.680,0.8,4.7,5.5,5.0,1.1,0.4,3.1,2.3,15.3,6MOY-14,24,SG,22,22,796,69,28,3,0,0,-6.8,-4.8,41,14,29,7,32,231,4,18,6MOY-14
CLE,2004,Jeff McInnis,29,PG,31,31,35.4,4.5,10.7,.417,1.0,2.6,.388,3.5,8.1,.426,.464,1.8,2.2,.836,0.5,2.1,2.6,7.5,1.2,0.1,1.9,2.2,11.7,,29,PG,31,31,1096,100,0,0,0,0,1.8,6.7,44,8,17,3,22,485,3,18,
CLE,2004,Carlos Boozer,22,PF,75,75,34.6,6.3,12.0,.523,0.0,0.1,.167,6.3,11.9,.526,.524,2.9,3.8,.768,3.1,8.4,11.4,2.0,1.0,0.7,1.8,2.7,15.5,,22,PF,75,75,2592,0,0,0,96,4,0.3,9.8,51,38,99,25,125,317,35,67,
CLE,2004,Zydrunas Ilgauskas,28,C,81,81,31.3,5.8,11.9,.483,0.0,0.1,.286,5.7,11.8,.484,.484,3.7,5.0,.746,3.4,4.6,8.1,1.3,0.5,2.5,2.0,3.4,15.3,,28,C,81,81,2539,0,0,0,0,100,-4.2,-3.2,43,49,155,23,193,237,31,82,
CLE,2004,Eric Williams,31,SF,50,36,27.5,3.1,8.4,.366,0.5,1.9,.253,2.6,6.5,.399,.394,2.7,3.5,.787,0.9,2.9,3.8,1.9,1.0,0.2,1.1,2.6,9.4,,31,SF,50,36,1373,0,2,85,13,0,2.0,7.6,26,20,67,9,82,209,19,33,
CLE,2004,Darius Miles,22,SF,37,16,24.0,3.9,8.9,.432,0.1,0.8,.167,3.7,8.1,.458,.440,1.1,1.9,.542,1.3,3.2,4.5,2.2,0.7,0.7,1.5,2.3,8.9,,22,SF,37,16,888,0,0,71,28,1,-7.7,-6.0,31,13,46,7,33,165,10,23,
CLE,2004,Mateen Cleaves,26,PG,4,2,23.0,1.8,5.8,.304,0.0,0.3,.000,1.8,5.5,.318,.304,0.3,0.5,.500,0.3,1.5,1.8,4.8,1.0,0.5,1.3,3.3,3.8,,26,PG,4,2,92,100,0,0,0,0,-13.4,-10.6,5,0,4,0,1,38,0,2,
CLE,2004,Ira Newble,29,SF,64,25,19.5,1.7,4.3,.391,0.0,0.3,.105,1.7,4.0,.412,.395,0.6,0.7,.783,1.0,1.4,2.4,1.1,0.4,0.3,0.8,1.7,4.0,,29,SF,64,25,1245,0,26,71,3,0,-5.4,-3.5,37,11,57,3,24,153,6,13,
CLE,2004,Tony Battie,27,C,50,1,19.5,2.3,5.3,.427,0.0,0.2,.125,2.3,5.2,.436,.429,0.9,1.1,.768,1.6,3.2,4.8,0.7,0.4,0.9,0.8,2.1,5.4,,27,C,50,1,977,0,0,0,41,59,-1.1,2.5,17,12,73,5,23,83,7,15,
CLE,2004,Lee Nailon,28,SF,22,4,18.0,3.3,7.4,.451,0.0,0.1,.000,3.3,7.2,.459,.451,1.1,1.4,.800,1.4,1.6,3.0,0.8,0.2,0.0,1.0,1.6,7.7,,28,SF,22,4,397,0,0,80,20,0,-14.0,-12.1,13,4,19,3,17,34,6,3,
CLE,2004,Chris Mihm,24,PF,22,1,17.8,2.7,5.8,.465,0.0,0.0,,2.7,5.8,.465,.465,1.5,2.2,.708,2.1,4.2,6.4,0.5,0.4,1.0,1.1,2.6,6.9,,24,PF,22,1,391,0,0,0,78,22,1.9,5.4,8,4,27,7,23,23,2,13,
CLE,2004,Kevin Ollie,31,PG,82,7,17.1,1.2,3.1,.370,0.0,0.1,.444,1.1,3.0,.367,.377,1.8,2.1,.835,0.3,1.8,2.1,2.9,0.6,0.1,1.0,1.5,4.2,,31,PG,82,7,1401,84,16,0,0,0,-0.5,3.9,41,22,32,14,53,505,9,22,
CLE,2004,Kedrick Brown,22,SF,34,16,16.5,2.1,4.6,.465,0.8,2.0,.388,1.4,2.6,.523,.548,0.3,0.4,.643,0.7,1.6,2.3,1.1,0.4,0.1,0.5,1.2,5.3,,22,SF,34,16,561,0,52,46,2,0,-0.4,3.1,10,4,22,1,7,80,2,6,
CLE,2004,Dajuan Wagner,20,SG,44,4,16.1,2.5,7.0,.366,0.7,2.0,.360,1.8,5.0,.368,.417,0.7,1.1,.681,0.2,1.1,1.3,1.2,0.6,0.2,0.9,2.0,6.5,,20,SG,44,4,708,33,67,0,0,0,-8.3,-6.4,19,12,43,5,22,107,3,24,
CLE,2004,DeSagana Diop,22,C,56,3,13.0,1.0,2.6,.388,0.0,0.0,,1.0,2.6,.388,.388,0.2,0.4,.600,1.3,2.3,3.6,0.6,0.5,0.9,0.5,2.1,2.3,,22,C,56,3,730,0,0,0,13,87,-4.7,-2.0,15,7,79,3,9,70,2,7,
CLE,2004,J.R. Bremer,23,PG,31,2,13.0,1.3,4.4,.285,0.6,2.1,.288,0.6,2.3,.282,.354,0.4,0.6,.650,0.2,0.8,1.1,1.3,0.6,0.1,0.6,0.9,3.5,,23,PG,31,2,403,100,0,0,0,0,-10.9,-8.8,9,3,11,4,5,84,1,6,
CLE,2004,Jason Kapono,22,SF,41,3,10.4,1.3,3.1,.403,0.5,1.1,.477,0.8,2.1,.365,.484,0.5,0.6,.833,0.5,0.9,1.3,0.3,0.3,0.0,0.5,1.0,3.5,,22,SF,41,3,427,0,17,76,7,0,-8.3,-6.0,9,8,15,4,9,29,1,4,
CLE,2004,Michael Stewart,28,PF,8,2,9.5,0.4,0.9,.429,0.0,0.0,,0.4,0.9,.429,.429,0.3,0.3,1.000,0.6,1.6,2.3,0.0,0.1,1.0,0.1,2.6,1.0,,28,PF,8,2,76,0,0,0,97,3,-29.1,-26.6,0,1,14,0,1,0,0,2,
CLE,2004,Bruno Šundov,23,C,4,0,7.3,0.8,2.3,.333,0.0,0.0,,0.8,2.3,.333,.333,0.8,1.5,.500,0.5,2.0,2.5,0.0,0.0,0.0,0.8,1.8,2.3,,23,C,4,0,29,0,0,0,21,79,-2.9,0.1,1,1,1,1,2,0,0,0,
CLE,2004,Jelani McCoy,26,C,2,0,6.0,0.0,0.0,,0.0,0.0,,0.0,0.0,,,0.0,0.0,,0.5,1.5,2.0,0.0,0.0,0.0,0.5,2.0,0.0,,26,C,2,0,12,0,0,0,77,23,-34.2,-31.3,0,0,3,0,0,0,0,0,
CLE,2004,Team Totals,,,82,82,242.1,35.6,82.4,.433,3.0,9.6,.314,32.6,72.8,.448,.451,18.6,24.8,.753,13.6,31.9,45.6,22.0,7.1,6.5,14.8,21.3,92.9,,,,82,82,19855,20,20,20,20,20,-3.0,1.0,549,308,865,160,870,3833,188,434,
CLE,2005,LeBron James,20,SF,80,80,42.4,9.9,21.1,.472,1.4,3.9,.351,8.6,17.2,.499,.504,6.0,8.0,.750,1.4,6.0,7.4,7.2,2.2,0.7,3.3,1.8,27.2,"MVP-6,AS,NBA2",20,SF,80,80,3388,0,0,95,4,0,2.1,8.8,143,56,60,24,255,1234,65,71,"MVP-6,AS,NBA2"
CLE,2005,Jeff McInnis,30,PG,76,69,34.9,5.0,12.0,.412,1.2,3.5,.345,3.8,8.6,.439,.462,1.7,2.1,.813,0.4,1.6,2.1,5.1,0.7,0.0,1.5,2.3,12.8,,30,PG,76,69,2651,100,0,0,0,0,0.2,-1.9,73,29,52,6,55,812,17,33,
CLE,2005,Zydrunas Ilgauskas,29,C,78,78,33.5,5.9,12.6,.468,0.0,0.1,.286,5.8,12.5,.469,.469,5.2,6.4,.799,3.8,4.8,8.6,1.3,0.7,2.1,2.4,4.0,16.9,AS,29,C,78,78,2615,0,0,0,0,100,2.4,4.7,44,53,184,40,233,223,36,75,AS
CLE,2005,Drew Gooden,23,PF,82,80,30.8,5.7,11.5,.492,0.1,0.3,.179,5.6,11.2,.502,.495,3.1,3.8,.810,2.5,6.7,9.2,1.6,0.9,0.9,1.6,2.8,14.4,,23,PF,82,80,2523,0,0,2,98,1,2.1,3.7,56,34,103,22,142,277,34,85,
CLE,2005,Ira Newble,30,SG,74,69,24.8,2.5,5.7,.429,0.3,0.7,.358,2.2,5.0,.439,.452,0.7,0.9,.797,1.1,1.9,3.0,1.2,0.7,0.2,0.8,1.9,5.9,,30,SG,74,69,1832,1,91,8,0,0,-0.6,-2.5,34,12,71,6,27,189,5,26,
CLE,2005,Eric Snow,31,SG,81,15,22.8,1.5,4.0,.382,0.2,0.6,.289,1.4,3.5,.397,.402,0.7,1.0,.738,0.5,1.5,1.9,3.9,0.8,0.2,1.1,2.3,4.0,,31,SG,81,15,1844,63,37,0,0,0,3.6,5.2,55,23,70,7,24,685,8,18,
CLE,2005,Robert Traylor,27,C,74,6,17.9,2.4,5.4,.444,0.0,0.1,.000,2.4,5.3,.453,.444,0.7,1.4,.539,1.8,2.6,4.5,0.8,0.7,0.7,1.0,2.9,5.5,,27,C,74,6,1327,0,0,0,37,63,-1.7,-3.7,26,19,122,14,43,132,10,40,
CLE,2005,Anderson Varejão,22,PF,54,0,16.0,1.8,3.6,.513,0.0,0.0,.000,1.8,3.5,.518,.513,1.3,2.4,.535,2.0,2.7,4.8,0.5,0.8,0.7,0.5,2.3,4.9,,22,PF,54,0,863,0,0,0,83,17,5.1,5.4,11,6,67,4,57,57,13,22,
CLE,2005,Lucious Harris,34,SG,73,4,15.5,1.6,4.1,.395,0.3,0.9,.323,1.3,3.2,.415,.430,0.8,0.9,.812,0.5,1.1,1.7,0.7,0.4,0.1,0.4,0.9,4.3,,34,SG,73,4,1128,4,86,10,0,0,-2.4,-4.4,13,11,23,2,22,104,1,8,
CLE,2005,Sasha Pavlović,21,SG,65,9,13.3,1.8,4.2,.435,0.5,1.2,.385,1.4,3.0,.455,.489,0.7,1.0,.688,0.2,0.9,1.1,0.8,0.4,0.1,0.7,1.9,4.8,,21,SG,65,9,862,4,59,36,0,0,0.2,-0.8,20,15,36,9,27,100,8,20,
CLE,2005,Jiří Welsch,25,SF,16,0,12.0,0.8,3.2,.235,0.1,0.7,.182,0.6,2.5,.250,.255,1.3,1.8,.714,0.4,1.4,1.8,1.2,0.3,0.0,0.9,1.0,2.9,,25,SF,16,0,192,0,50,48,2,0,-9.6,-10.9,5,5,2,5,10,41,0,4,
CLE,2005,Dajuan Wagner,21,SG,11,0,9.3,1.6,5.0,.327,0.5,2.4,.192,1.2,2.6,.448,.373,0.3,0.4,.750,0.0,0.2,0.2,1.2,0.5,0.0,0.8,1.4,4.0,,21,SG,11,0,102,67,33,0,0,0,-6.8,-7.8,3,4,6,1,1,30,0,3,
CLE,2005,Scott Williams,36,C,19,0,8.0,0.6,2.2,.293,0.0,0.1,.000,0.6,2.1,.300,.293,0.5,0.6,.818,0.8,0.8,1.6,0.4,0.2,0.3,0.3,1.6,1.7,,36,C,19,0,152,0,0,0,40,60,-12.5,-13.8,2,1,12,1,5,17,1,7,
CLE,2005,DeSagana Diop,23,C,39,0,7.8,0.5,1.8,.290,0.0,0.1,.000,0.5,1.7,.299,.290,0.0,0.1,.000,0.8,1.0,1.8,0.4,0.2,0.7,0.3,1.4,1.0,,23,C,39,0,306,0,0,0,13,87,-5.7,-7.0,4,4,39,0,2,31,1,7,
CLE,2005,Jérôme Moïso,26,PF,4,0,6.8,0.8,1.3,.600,0.0,0.0,,0.8,1.3,.600,.600,0.0,0.0,,0.3,1.5,1.8,0.3,0.3,0.5,0.0,1.0,1.5,,26,PF,4,0,27,0,0,21,79,0,-44.4,-45.6,0,0,3,0,0,3,0,0,
CLE,2005,Luke Jackson,23,SF,10,0,4.3,1.0,2.7,.370,0.4,0.6,.667,0.6,2.1,.286,.444,0.5,0.6,.833,0.2,0.4,0.6,0.3,0.0,0.0,0.2,0.4,2.9,,23,SF,10,0,43,0,0,85,15,0,-22.6,-23.7,0,1,4,0,3,6,1,0,
CLE,2005,Team Totals,,,82,82,242.1,36.5,81.5,.447,3.7,11.0,.332,32.8,70.5,.465,.470,19.9,26.5,.752,13.6,28.7,42.3,22.6,8.0,5.6,13.9,22.6,96.5,,,,82,82,19855,20,20,20,20,20,0.8,1.8,489,273,854,141,906,3941,200,419,
DET,2000,Jerry Stackhouse,25,SG,82,82,38.4,7.5,17.6,.428,1.0,3.5,.288,6.5,14.1,.462,.456,7.5,9.2,.815,1.4,2.4,3.8,4.5,1.3,0.4,3.8,2.3,23.6,AS,25,SG,82,82,3148,1,72,27,0,0,-1.4,-6.7,122,82,53,36,250,19,824,40,107
DET,2000,Grant Hill,27,SF,74,74,37.5,9.4,19.2,.489,0.5,1.3,.347,8.9,17.9,.500,.501,6.5,8.2,.795,1.3,5.3,6.6,5.2,1.4,0.6,3.2,2.6,25.8,"MVP-8,AS,NBA2",27,SF,74,74,2776,0,0,92,8,0,2.2,7.7,112,49,79,31,244,40,885,70,73
DET,2000,Lindsey Hunter,29,PG,82,82,35.6,4.6,10.9,.425,2.0,4.7,.432,2.6,6.1,.419,.519,1.4,1.9,.760,0.4,2.6,3.0,4.0,1.6,0.3,1.8,2.6,12.7,,29,PG,82,82,2919,100,0,0,0,0,0.1,0.7,72,37,77,10,48,69,712,15,33
DET,2000,Christian Laettner,30,C,82,82,29.8,4.6,9.8,.473,0.1,0.3,.292,4.5,9.5,.479,.478,2.9,3.6,.812,2.1,4.6,6.7,2.3,1.0,0.5,2.3,4.0,12.2,,30,C,82,82,2443,0,0,0,5,95,-2.4,-6.1,73,39,129,34,123,17,413,21,61
DET,2000,Jerome Williams,26,PF,82,1,25.6,3.1,5.6,.564,0.0,0.0,.000,3.1,5.5,.567,.564,2.1,3.5,.616,3.4,6.2,9.6,0.8,1.2,0.3,1.3,2.4,8.4,6MOY-5,26,PF,82,1,2102,0,0,1,92,7,2.4,5.2,26,28,57,23,97,46,152,21,44
DET,2000,Terry Mills,32,PF,82,78,22.5,2.6,6.0,.439,1.2,3.0,.393,1.5,3.0,.484,.536,0.3,0.4,.735,0.6,4.1,4.8,1.0,0.5,0.3,0.6,3.0,6.7,,32,PF,82,78,1842,0,0,0,73,27,-1.7,-3.1,24,5,146,8,11,15,196,4,11
DET,2000,Michael Curry,31,SG,82,3,19.6,2.2,4.6,.480,0.0,0.1,.200,2.2,4.6,.484,.482,1.7,2.0,.839,0.3,1.0,1.3,1.1,0.4,0.1,0.9,2.5,6.2,,31,SG,82,3,1611,4,94,2,0,0,-2.4,-3.9,40,12,79,13,55,29,195,12,18
DET,2000,Mikki Moore,24,C,29,0,16.8,3.0,4.8,.621,0.0,0.0,,3.0,4.8,.621,.621,1.9,2.3,.794,1.5,2.3,3.9,0.6,0.3,1.1,0.8,3.6,7.9,,24,C,29,0,488,0,0,0,25,75,12.6,14.3,7,3,46,7,30,20,39,4,3
DET,2000,John Crotty,30,PG,69,0,13.6,1.5,3.6,.422,0.5,1.2,.413,1.1,2.5,.427,.488,1.2,1.3,.860,0.2,0.8,1.1,1.9,0.4,0.1,0.8,1.5,4.7,,30,PG,69,0,937,91,9,0,0,0,3.6,4.7,27,13,33,7,24,10,271,3,20
DET,2000,Jud Buechler,31,SF,58,5,11.3,0.9,2.7,.353,0.3,1.4,.217,0.6,1.3,.507,.410,0.0,0.1,.286,0.5,1.1,1.6,0.6,0.4,0.3,0.2,0.9,2.2,,31,SF,58,5,657,0,15,75,10,0,-0.2,-0.3,9,0,19,3,2,6,74,0,2
DET,2000,Jermaine Jackson,23,SG,7,0,10.4,0.1,1.6,.091,0.0,0.1,.000,0.1,1.4,.100,.091,0.7,1.1,.625,0.1,1.4,1.6,0.6,0.4,0.0,1.0,1.0,1.0,,23,SG,7,0,73,74,26,0,0,0,0.9,0.9,3,1,2,1,4,4,9,0,1
DET,2000,Don Reid,26,PF,21,3,7.9,0.8,1.6,.471,0.0,0.0,,0.8,1.6,.471,.471,0.1,0.3,.500,0.2,1.0,1.2,0.0,0.2,0.6,0.5,2.1,1.7,,26,PF,21,3,165,0,0,0,44,56,-2.5,-2.6,9,1,26,0,3,0,2,0,7
DET,2000,Marcus Brown,25,SG,6,0,7.5,0.7,2.3,.286,0.0,1.2,.000,0.7,1.2,.571,.286,0.3,0.3,1.000,0.5,0.7,1.2,0.5,0.0,0.0,0.5,1.3,1.7,,25,SG,6,0,45,99,1,0,0,0,-38.6,-39.0,2,0,5,0,1,0,6,0,1
DET,2000,Loy Vaught,31,PF,43,0,6.8,0.7,2.1,.360,0.0,0.1,.000,0.7,2.0,.372,.360,0.3,0.4,.688,0.6,1.5,2.1,0.3,0.1,0.1,0.3,1.0,1.7,,31,PF,43,0,292,0,0,0,30,70,-3.7,-3.9,6,1,21,1,2,4,24,0,5
DET,2000,Eric Montross,28,C,51,0,6.5,0.3,1.1,.309,0.0,0.0,,0.3,1.1,.309,.309,0.1,0.2,.500,0.4,1.1,1.4,0.1,0.1,0.2,0.4,1.6,0.8,,28,C,51,0,332,0,0,0,0,100,-3.6,-3.9,8,4,38,7,2,3,16,0,7
DET,2000,Team Totals,,,82,82,241.8,37.1,80.9,.459,5.4,14.9,.359,31.8,66.0,.481,.492,23.9,30.6,.781,11.2,30.0,41.2,20.8,8.1,3.3,15.7,24.5,103.5,,,,82,82,19830,20,20,20,20,20,0.0,-0.4,540,275,810,181,896,282,3818,190,393
DET,2001,Jerry Stackhouse,26,SG,80,80,40.2,9.7,24.1,.402,2.1,5.9,.351,7.6,18.2,.418,.445,8.3,10.1,.822,1.2,2.7,3.9,5.1,1.2,0.7,4.1,2.0,29.8,"MVP-14,AS",26,SG,80,80,3215,0,50,49,0,0,-1.3,2.6,131,127,46,32,250,900,46,103,"MVP-14,AS"
DET,2001,Ben Wallace,26,C,80,80,34.5,2.7,5.5,.490,0.0,0.1,.250,2.7,5.4,.492,.491,1.0,3.0,.336,3.8,9.4,13.2,1.5,1.3,2.3,1.5,2.4,6.4,DPOY-5,26,C,80,80,2760,0,0,0,24,76,0.6,7.8,52,26,110,12,82,281,17,40,DPOY-5
DET,2001,Corliss Williamson,27,SF,27,9,29.6,6.4,11.9,.534,0.0,0.0,,6.4,11.9,.534,.534,2.5,4.0,.626,2.0,4.3,6.2,1.0,1.3,0.3,1.7,3.2,15.2,,27,SF,27,9,800,0,3,80,17,0,5.1,8.7,23,14,34,7,48,61,17,26,
DET,2001,Chucky Atkins,26,PG,81,75,29.2,4.7,11.8,.399,1.5,4.2,.357,3.2,7.6,.423,.463,1.1,1.6,.692,0.3,1.8,2.1,4.1,0.8,0.1,1.8,2.3,12.0,,26,PG,81,75,2363,100,0,0,0,0,-1.9,-0.3,94,39,44,8,36,711,8,29,
DET,2001,Joe Smith,25,PF,69,59,28.1,4.5,11.1,.403,0.0,0.1,.000,4.5,11.0,.405,.403,3.3,4.2,.805,2.3,4.8,7.1,1.1,0.7,0.7,1.3,3.7,12.3,,25,PF,69,59,1941,0,0,1,90,9,-0.8,2.1,23,30,133,16,123,177,21,47,
DET,2001,Jerome Williams,27,PF,33,2,24.4,2.7,6.1,.438,0.0,0.1,.000,2.7,6.0,.442,.438,2.0,2.7,.722,3.0,5.5,8.4,1.0,1.2,0.3,1.4,2.5,7.3,,27,PF,33,2,804,0,0,8,87,5,-3.5,-2.1,15,7,24,12,37,71,4,22,
DET,2001,Michael Curry,32,SG,68,58,21.8,2.1,4.7,.455,0.1,0.1,.444,2.1,4.6,.455,.461,0.9,1.1,.849,0.3,1.5,1.8,1.9,0.4,0.0,0.9,2.5,5.2,,32,SG,68,58,1485,0,95,5,0,0,-4.4,-4.1,31,9,70,14,27,301,5,12,
DET,2001,Dana Barros,33,PG,60,0,18.0,3.1,6.9,.444,0.7,1.8,.419,2.3,5.1,.453,.498,1.1,1.3,.850,0.1,1.5,1.6,1.8,0.5,0.0,1.0,1.1,8.0,,33,PG,60,0,1079,74,26,0,0,0,-3.6,-2.5,33,19,21,1,13,234,3,11,
DET,2001,Billy Owens,31,PF,45,14,17.6,2.0,5.1,.383,0.1,0.4,.150,1.9,4.7,.405,.389,0.4,0.9,.475,1.9,2.7,4.6,1.2,0.7,0.3,0.9,2.1,4.4,,31,PF,45,14,793,0,1,62,36,1,-1.6,0.3,16,10,40,6,17,117,4,21,
DET,2001,Mateen Cleaves,23,PG,78,8,16.3,2.1,5.1,.400,0.1,0.2,.294,2.0,4.9,.405,.406,1.2,1.8,.708,0.3,1.4,1.7,2.7,0.6,0.0,1.8,2.0,5.4,,23,PG,78,8,1268,63,36,1,0,0,-1.9,-0.1,84,28,46,12,58,452,11,28,
DET,2001,Mikki Moore,25,C,81,2,14.2,1.6,3.3,.493,0.0,0.0,.000,1.6,3.3,.494,.493,1.2,1.6,.731,1.5,2.4,3.9,0.4,0.3,0.8,0.9,2.5,4.4,,25,C,81,2,1154,0,0,0,7,93,-2.3,-0.7,22,20,98,22,54,78,11,23,
DET,2001,Eric Montross,29,C,42,20,13.5,1.2,2.9,.413,0.0,0.0,,1.2,2.9,.413,.413,0.2,0.6,.269,1.0,2.4,3.4,0.4,0.2,0.5,0.9,2.4,2.5,,29,C,42,20,568,0,0,0,0,100,-8.9,-8.3,10,7,52,15,11,37,2,8,
DET,2001,John Wallace,26,SF,40,0,13.2,2.5,5.9,.424,0.1,0.4,.133,2.5,5.5,.443,.428,0.9,1.1,.778,0.6,1.5,2.1,0.6,0.3,0.4,0.9,1.8,5.9,,26,SF,40,0,527,0,1,62,36,0,-8.9,-8.2,17,4,27,5,23,53,4,13,
DET,2001,Jud Buechler,32,SF,57,3,12.9,1.3,2.9,.463,0.6,1.4,.416,0.8,1.5,.506,.561,0.2,0.2,.750,0.4,1.3,1.6,0.7,0.4,0.2,0.4,1.5,3.4,,32,SF,57,3,737,0,14,84,2,0,0.6,3.0,11,5,27,6,3,88,2,6,
DET,2001,Cedric Ceballos,31,SF,13,0,12.8,2.2,5.5,.394,0.8,3.1,.275,1.3,2.4,.548,.472,0.6,0.8,.800,0.5,1.5,2.0,0.5,0.5,0.2,0.7,1.5,5.8,,31,SF,13,0,166,0,44,56,0,0,-3.7,-2.0,4,4,9,0,3,14,0,3,
DET,2001,Brian Cardinal,23,PF,15,0,8.4,0.7,2.1,.323,0.0,0.3,.000,0.7,1.7,.385,.323,0.7,1.2,.611,0.5,1.0,1.5,0.2,0.5,0.1,0.6,1.8,2.1,,23,PF,15,0,126,0,0,19,79,2,-14.0,-12.6,3,2,13,3,8,6,2,3,
DET,2001,Kornél Dávid,29,SF,10,0,6.9,1.0,2.2,.455,0.0,0.0,,1.0,2.2,.455,.455,0.0,0.0,,0.6,1.3,1.9,0.3,0.4,0.1,0.4,0.8,2.0,,29,SF,10,0,69,0,0,42,56,1,-2.3,-0.5,1,0,3,1,0,7,0,2,
DET,2001,Team Totals,,,82,82,242.1,35.6,83.9,.424,4.7,13.6,.350,30.9,70.3,.439,.453,19.6,27.2,.721,13.5,32.0,45.5,19.9,7.5,5.5,15.9,23.8,95.6,,,,82,82,19855,20,20,20,20,20,-1.8,1.0,570,351,797,172,793,3588,157,397,
DET,2002,Ben Wallace,27,C,80,80,36.5,3.2,6.0,.531,0.0,0.0,.000,3.2,6.0,.535,.531,1.2,2.9,.423,4.0,9.0,13.0,1.4,1.7,3.5,0.9,2.2,7.6,"MVP-10,DPOY-1,NBA3",27,C,80,80,2921,0,0,0,19,81,3.5,3.2,27,22,109,8,92,265,21,37,"MVP-10,DPOY-1,NBA3"
DET,2002,Clifford Robinson,35,PF,80,80,35.7,5.7,13.4,.425,1.4,3.8,.378,4.2,9.6,.443,.478,1.8,2.6,.694,1.0,3.8,4.8,2.5,1.1,1.2,1.9,3.0,14.6,,35,PF,80,80,2855,0,0,0,93,7,2.2,-1.8,73,50,124,18,80,457,20,47,
DET,2002,Jerry Stackhouse,27,SF,76,76,35.3,6.9,17.4,.397,1.1,3.9,.287,5.8,13.4,.430,.430,6.5,7.6,.858,1.0,3.1,4.1,5.3,1.0,0.5,3.5,2.1,21.4,MVP-15,27,SF,76,76,2685,0,15,84,1,0,2.1,-2.1,117,91,61,35,184,932,32,74,MVP-15
DET,2002,Chucky Atkins,27,PG,79,62,28.9,4.7,10.0,.466,1.7,4.3,.411,2.9,5.7,.507,.553,1.1,1.5,.692,0.4,1.6,2.0,3.3,0.9,0.1,1.6,2.2,12.1,,27,PG,79,62,2285,100,0,0,0,0,1.0,-4.0,77,28,67,10,39,587,11,37,
DET,2002,Jon Barry,32,SG,82,6,24.2,3.1,6.4,.489,1.5,3.1,.469,1.6,3.2,.508,.604,1.3,1.4,.931,0.5,2.3,2.9,3.3,1.1,0.2,1.4,1.6,9.0,,32,SG,82,6,1985,1,99,1,0,0,4.5,3.7,79,24,53,4,26,609,10,13,
DET,2002,Michael Curry,33,SG,82,75,23.3,1.5,3.4,.453,0.1,0.3,.269,1.4,3.0,.472,.466,0.9,1.1,.791,0.2,1.9,2.0,1.5,0.6,0.1,0.7,2.5,4.0,,33,SG,82,75,1912,0,79,21,0,0,-0.3,-5.8,26,11,94,16,34,308,5,10,
DET,2002,Corliss Williamson,28,SF,78,7,21.8,5.3,10.3,.510,0.0,0.1,.200,5.3,10.3,.512,.511,3.1,3.8,.805,1.5,2.6,4.1,1.2,0.6,0.3,1.8,2.9,13.6,6MOY-1,28,SF,78,7,1701,0,1,67,32,0,4.4,3.1,49,33,89,38,127,226,26,56,6MOY-1
DET,2002,Dana Barros,34,PG,29,20,20.1,2.6,6.6,.385,0.8,2.4,.338,1.7,4.2,.413,.448,0.7,0.9,.778,0.0,1.9,2.0,2.7,0.5,0.1,1.1,1.3,6.7,,34,PG,29,20,582,100,0,0,0,0,0.6,-2.4,20,7,14,3,11,166,4,6,
DET,2002,Damon Jones,25,PG,67,0,16.2,1.7,4.2,.401,1.0,2.8,.371,0.7,1.5,.459,.523,0.6,0.9,.729,0.2,1.3,1.5,2.1,0.3,0.0,0.9,1.2,5.1,,25,PG,67,0,1083,98,2,0,0,0,6.3,5.0,40,15,31,1,19,314,3,15,
DET,2002,Željko Rebrača,29,C,74,4,15.9,2.6,5.1,.505,0.0,0.0,,2.6,5.1,.505,.505,1.8,2.4,.771,1.1,2.8,3.9,0.5,0.4,1.0,1.1,2.6,6.9,,29,C,74,4,1179,0,0,0,0,100,2.6,-0.1,6,19,65,30,60,96,9,29,
DET,2002,Rodney White,21,SF,16,0,8.1,1.3,3.8,.350,0.1,0.6,.222,1.2,3.2,.373,.367,0.8,0.9,.857,0.1,1.0,1.1,0.8,0.6,0.1,0.9,0.4,3.5,,21,SF,16,0,129,0,4,81,16,0,8.4,5.9,7,4,1,2,3,25,0,8,
DET,2002,Mikki Moore,26,C,30,0,7.2,1.0,2.0,.475,0.0,0.1,.500,0.9,2.0,.475,.484,0.7,0.9,.769,0.7,1.0,1.8,0.4,0.2,0.3,0.5,1.2,2.6,,26,C,30,0,217,0,0,0,34,66,1.2,-1.6,7,5,18,2,10,26,2,3,
DET,2002,Victor Alexander,32,C,15,0,6.5,1.2,3.4,.353,0.0,0.1,.000,1.2,3.3,.367,.353,0.3,0.5,.500,0.5,1.5,1.9,0.4,0.0,0.1,0.3,0.4,2.7,,32,C,15,0,97,0,0,4,50,46,4.3,1.7,4,0,2,1,4,15,0,0,
DET,2002,Ratko Varda,22,C,1,0,6.0,2.0,3.0,.667,0.0,0.0,,2.0,3.0,.667,.667,1.0,1.0,1.000,0.0,1.0,1.0,0.0,0.0,0.0,1.0,3.0,5.0,,22,C,1,0,6,0,0,0,0,100,-19.7,-22.4,1,0,1,0,1,0,1,0,
DET,2002,Brian Cardinal,24,PF,8,0,5.4,0.8,1.6,.462,0.4,0.9,.429,0.4,0.8,.500,.577,0.3,0.3,1.000,0.3,0.5,0.8,0.3,0.1,0.0,0.0,0.6,2.1,,24,PF,8,0,43,0,9,55,36,0,17.0,14.4,0,0,3,0,1,5,0,0,
DET,2002,Team Totals,,,82,82,240.0,34.7,76.8,.452,6.9,18.4,.376,27.8,58.4,.475,.497,18.0,23.8,.756,9.9,28.9,38.7,21.5,7.9,6.9,14.5,20.7,94.3,,,,82,82,19680,20,20,20,20,20,2.7,-0.2,533,309,732,168,691,4031,144,335,
DET,2003,Ben Wallace,28,C,73,73,39.4,2.9,6.0,.481,0.0,0.1,.167,2.9,5.9,.485,.482,1.2,2.6,.450,4.0,11.4,15.4,1.6,1.4,3.2,1.2,2.5,6.9,"MVP-8,DPOY-1,AS,NBA2",28,C,73,73,2873,0,0,0,10,90,5.1,3.4,44,22,114,8,71,265,13,22,"MVP-8,DPOY-1,AS,NBA2"
DET,2003,Clifford Robinson,36,PF,81,69,34.9,4.6,11.5,.398,1.1,3.2,.336,3.5,8.3,.422,.444,2.0,2.9,.676,1.0,2.9,3.9,3.3,1.1,1.1,2.0,3.2,12.2,,36,PF,81,69,2825,0,0,1,96,4,3.0,-4.2,84,38,112,21,101,610,22,36,
DET,2003,Richard Hamilton,24,SG,82,82,32.2,7.0,15.7,.443,0.4,1.5,.269,6.6,14.2,.461,.456,5.4,6.4,.833,1.1,2.8,3.9,2.5,0.8,0.2,2.4,3.0,19.7,,24,SG,82,82,2640,1,89,11,0,0,2.7,-4.3,66,63,82,46,181,470,34,93,
DET,2003,Chauncey Billups,26,PG,74,74,31.4,4.9,11.8,.421,2.0,5.1,.392,2.9,6.6,.443,.506,4.3,4.9,.878,0.5,3.2,3.7,3.9,0.9,0.2,1.8,1.8,16.2,,26,PG,74,74,2327,98,3,0,0,0,4.0,-0.5,70,41,48,18,127,619,23,54,
DET,2003,Corliss Williamson,29,SF,82,1,25.1,4.6,10.1,.453,0.0,0.1,.182,4.5,9.9,.456,.454,2.9,3.7,.790,1.8,2.6,4.4,1.3,0.5,0.3,1.5,2.9,12.0,6MOY-5,29,SF,82,1,2061,0,3,89,8,0,8.4,8.7,42,34,97,32,128,254,27,65,6MOY-5
DET,2003,Chucky Atkins,28,PG,65,7,21.5,2.6,7.2,.361,1.3,3.7,.355,1.3,3.4,.368,.454,0.6,0.8,.816,0.3,1.2,1.5,2.7,0.4,0.1,1.2,1.7,7.1,,28,PG,65,7,1398,100,0,0,0,0,4.9,1.1,47,15,28,8,16,395,3,16,
DET,2003,Michael Curry,34,SF,78,77,19.9,1.2,2.9,.402,0.2,0.7,.296,1.0,2.2,.434,.437,0.5,0.6,.800,0.2,1.4,1.6,1.3,0.6,0.1,0.6,2.1,3.0,,34,SF,78,77,1555,0,1,99,0,0,-2.0,-10.0,18,8,64,13,18,240,2,9,
DET,2003,Mehmet Okur,23,PF,72,9,19.0,2.5,5.9,.426,0.5,1.6,.339,2.0,4.3,.457,.470,1.3,1.8,.733,1.6,3.0,4.7,1.0,0.3,0.5,0.9,2.3,6.9,,23,PF,72,9,1366,0,0,0,45,55,5.1,1.4,13,19,103,17,60,173,13,30,
DET,2003,Jon Barry,33,SG,80,0,18.4,2.4,5.3,.450,1.1,2.7,.407,1.3,2.6,.495,.553,1.1,1.3,.860,0.4,1.8,2.3,2.6,0.8,0.2,1.0,1.3,6.9,6MOY-9,33,SG,80,0,1473,14,85,1,0,0,10.4,9.8,59,15,50,4,34,458,6,13,6MOY-9
DET,2003,Željko Rebrača,30,C,30,12,16.3,2.7,4.8,.552,0.0,0.0,,2.7,4.8,.552,.552,1.3,1.6,.792,0.9,2.2,3.1,0.3,0.2,0.6,1.0,2.6,6.6,,30,C,30,12,488,0,0,0,0,100,4.2,0.1,5,3,34,13,17,21,4,10,
DET,2003,Tayshaun Prince,22,SF,42,5,10.4,1.3,2.8,.449,0.5,1.1,.426,0.8,1.7,.465,.534,0.3,0.4,.647,0.1,1.0,1.1,0.6,0.2,0.3,0.5,0.6,3.3,,22,SF,42,5,435,0,0,63,35,2,-3.3,-8.4,10,6,16,2,5,54,1,5,
DET,2003,Don Reid,29,PF,1,0,10.0,0.0,3.0,.000,0.0,0.0,,0.0,3.0,.000,.000,1.0,2.0,.500,0.0,0.0,0.0,0.0,0.0,0.0,0.0,4.0,1.0,,29,PF,1,0,10,0,0,0,100,0,-32.5,-36.7,0,0,2,0,1,0,0,0,
DET,2003,Hubert Davis,32,SG,43,1,7.6,0.7,1.8,.392,0.3,0.8,.333,0.4,1.0,.442,.468,0.1,0.1,.833,0.1,0.7,0.8,0.7,0.1,0.0,0.3,0.5,1.8,,32,SG,43,1,328,16,76,6,2,0,-1.5,-6.2,8,2,4,1,3,72,1,1,
DET,2003,Danny Manning,36,PF,13,0,6.8,1.0,2.5,.406,0.2,0.6,.375,0.8,1.8,.417,.453,0.4,0.5,.833,0.5,0.8,1.4,0.5,0.7,0.2,0.5,0.8,2.6,,36,PF,13,0,89,0,0,0,65,35,2.4,-1.8,2,3,6,2,1,15,0,1,
DET,2003,Pepe Sánchez,25,PG,9,0,4.1,0.0,0.6,.000,0.0,0.0,,0.0,0.6,.000,.000,0.0,0.0,,0.4,0.2,0.7,0.9,0.6,0.0,0.2,0.3,0.0,,25,PG,9,0,37,82,18,0,0,0,4.3,0.1,1,1,0,0,0,16,0,0,
DET,2003,Team Totals,,,82,82,242.7,32.9,76.5,.430,6.5,18.1,.358,26.4,58.4,.452,.473,19.0,24.6,.771,10.8,29.8,40.6,19.8,6.8,5.7,13.5,21.3,91.4,,,,82,82,19905,20,20,20,20,20,4.2,0.0,469,270,760,185,763,3662,149,355,
DET,2004,Ben Wallace,29,C,81,81,37.7,3.9,9.2,.421,0.0,0.1,.125,3.9,9.1,.424,.422,1.8,3.6,.490,4.0,8.4,12.4,1.7,1.8,3.0,1.5,2.0,9.5,"MVP-7,DPOY-2,AS,NBA2",29,C,81,81,3050,0,0,0,25,75,7.5,4.4,56,38,90,10,113,299,23,58,"MVP-7,DPOY-2,AS,NBA2"
DET,2004,Richard Hamilton,25,SG,78,78,35.5,6.8,14.9,.455,0.2,0.9,.265,6.6,14.1,.466,.462,3.8,4.4,.868,1.0,2.6,3.6,4.0,1.3,0.2,2.7,2.8,17.6,,25,SG,78,78,2772,0,89,11,0,0,6.7,0.8,80,68,65,42,121,687,25,85,
DET,2004,Chauncey Billups,27,PG,78,78,35.4,5.0,12.8,.394,1.7,4.3,.388,3.4,8.5,.396,.459,5.2,5.9,.878,0.4,3.1,3.5,5.7,1.1,0.1,2.4,2.3,16.9,,27,PG,78,78,2758,87,13,0,0,0,7.4,2.8,96,55,59,24,138,934,22,62,
DET,2004,Tayshaun Prince,23,SF,82,80,32.9,4.1,8.8,.467,0.7,1.9,.363,3.4,6.9,.496,.507,1.3,1.7,.766,1.1,3.6,4.8,2.3,0.8,0.8,1.5,1.8,10.3,,23,SF,82,80,2701,0,1,95,4,0,6.8,0.8,55,38,80,16,61,413,19,40,
DET,2004,Rasheed Wallace,29,PF,22,21,30.6,5.5,12.8,.431,1.0,3.1,.319,4.5,9.6,.467,.470,1.7,2.5,.704,1.5,5.6,7.0,1.8,1.1,2.0,1.3,2.7,13.7,,29,PF,22,21,673,0,0,0,90,10,18.0,13.8,17,7,37,3,21,90,3,12,
DET,2004,Mehmet Okur,24,PF,71,33,22.3,3.5,7.6,.463,0.3,0.7,.375,3.3,7.0,.472,.480,2.3,2.9,.775,2.3,3.7,5.9,1.0,0.5,0.9,1.4,1.9,9.6,,24,PF,71,33,1580,0,0,0,79,21,8.5,3.3,27,48,70,13,97,156,17,37,
DET,2004,Lindsey Hunter,33,SG,33,8,20.0,1.5,4.3,.343,0.4,1.5,.280,1.1,2.8,.376,.392,0.2,0.2,.625,0.4,1.6,2.0,2.6,1.2,0.2,1.0,1.4,3.5,,33,SG,33,8,661,31,67,2,0,0,10.2,4.5,24,8,13,0,3,182,1,5,
DET,2004,Corliss Williamson,30,PF,79,0,19.9,3.8,7.6,.505,0.0,0.0,,3.8,7.6,.505,.505,1.8,2.5,.731,1.1,2.1,3.2,0.7,0.4,0.3,1.4,2.6,9.5,6MOY-10,30,PF,79,0,1574,0,0,28,71,1,6.1,-0.8,41,32,86,23,80,122,21,42,6MOY-10
DET,2004,Mike James,28,PG,26,0,19.7,2.3,5.7,.401,0.8,2.1,.364,1.5,3.5,.424,.469,1.0,1.2,.844,0.3,1.9,2.2,3.7,1.0,0.0,1.6,1.7,6.3,,28,PG,26,0,512,100,0,0,0,0,6.4,-0.2,27,7,12,5,12,207,2,6,
DET,2004,Chucky Atkins,29,PG,40,0,18.8,2.2,5.9,.374,1.1,3.3,.323,1.2,2.6,.438,.464,0.8,1.1,.721,0.2,1.1,1.2,2.4,0.5,0.0,1.2,1.5,6.2,,29,PG,40,0,751,100,0,0,0,0,1.9,-5.7,33,10,19,3,10,200,1,4,
DET,2004,Elden Campbell,35,C,65,27,13.7,2.1,4.8,.439,0.0,0.0,,2.1,4.8,.439,.439,1.3,1.9,.685,0.8,2.4,3.2,0.7,0.3,0.8,1.0,2.1,5.6,,35,C,65,27,892,0,0,0,2,98,4.6,-2.5,15,23,69,20,58,95,7,25,
DET,2004,Bob Sura,30,SG,53,0,13.3,1.3,3.3,.410,0.2,0.7,.250,1.2,2.6,.453,.436,0.9,1.3,.696,0.6,1.4,1.9,1.7,0.7,0.2,0.7,1.6,3.8,,30,SG,53,0,707,9,82,9,0,0,0.9,-6.8,23,8,24,6,26,198,1,11,
DET,2004,Željko Rebrača,31,C,21,2,10.6,1.0,2.6,.407,0.0,0.0,,1.0,2.6,.407,.407,1.0,1.3,.786,0.9,1.4,2.3,0.2,0.2,0.4,0.6,2.1,3.1,,31,C,21,2,222,0,0,0,0,100,-8.1,-15.4,6,3,17,3,14,10,2,2,
DET,2004,Darvin Ham,30,SF,54,2,9.0,0.7,1.4,.493,0.0,0.0,.500,0.7,1.4,.493,.500,0.4,0.6,.600,0.9,0.9,1.7,0.3,0.2,0.1,0.6,1.2,1.8,,30,SF,54,2,484,0,8,83,10,0,2.6,-4.4,13,9,26,6,16,36,3,3,
DET,2004,Hubert Davis,33,SG,3,0,7.7,0.0,0.7,.000,0.0,0.3,.000,0.0,0.3,.000,.000,0.0,0.0,,0.0,0.0,0.0,0.3,0.0,0.0,0.3,1.3,0.0,,33,SG,3,0,23,68,33,0,0,0,38.5,32.1,0,0,1,0,0,2,0,0,
DET,2004,Tremaine Fowlkes,27,SF,36,0,7.3,0.4,1.3,.313,0.0,0.2,.125,0.4,1.1,.350,.323,0.4,0.5,.722,0.5,1.0,1.5,0.4,0.3,0.1,0.3,1.0,1.2,,27,SF,36,0,261,0,14,77,9,0,-5.0,-12.3,6,2,7,3,7,29,0,8,
DET,2004,Darko Miličić,18,C,34,0,4.7,0.5,1.9,.262,0.0,0.0,.000,0.5,1.9,.266,.262,0.4,0.7,.583,0.3,0.9,1.3,0.2,0.2,0.4,0.4,1.0,1.4,,18,C,34,0,159,0,0,0,6,94,-12.9,-20.3,3,6,18,2,11,16,2,10,
DET,2004,Team Totals,,,82,82,241.2,33.5,77.0,.435,4.1,11.8,.344,29.4,65.2,.452,.461,19.0,25.3,.753,12.4,30.4,42.8,20.8,8.0,7.0,15.1,20.3,90.1,,,,82,82,19780,20,20,20,20,20,6.5,1.0,522,362,693,179,788,3676,149,410,
DET,2005,Richard Hamilton,26,SG,76,76,38.5,6.7,15.3,.440,0.5,1.6,.305,6.2,13.7,.455,.455,4.8,5.6,.858,1.0,2.9,3.9,4.9,1.0,0.2,2.9,3.1,18.7,,26,SG,76,76,2926,1,93,7,0,0,7.5,10.9,122,46,63,39,151,804,21,78,
DET,2005,Tayshaun Prince,24,SF,82,82,37.1,5.7,11.7,.487,0.6,1.7,.341,5.1,10.1,.512,.511,2.7,3.3,.807,1.6,3.7,5.3,3.0,0.7,0.9,1.6,2.0,14.7,DPOY-7,24,SF,82,82,3039,0,0,97,3,0,7.5,12.2,69,41,93,13,127,543,29,54,DPOY-7
DET,2005,Ben Wallace,30,C,74,74,36.1,4.0,8.8,.453,0.0,0.1,.111,4.0,8.7,.458,.454,1.8,4.1,.428,3.9,8.2,12.2,1.7,1.4,2.4,1.1,2.1,9.7,"DPOY-1,AS,NBA3",30,C,74,74,2671,0,0,0,6,94,7.2,7.9,29,32,81,12,128,277,29,49,"DPOY-1,AS,NBA3"
DET,2005,Chauncey Billups,28,PG,80,80,35.8,5.1,11.4,.442,2.1,4.8,.426,3.0,6.6,.454,.533,4.3,4.8,.898,0.6,2.8,3.4,5.8,1.0,0.1,2.3,2.4,16.5,,28,PG,80,80,2866,92,8,0,0,0,6.6,7.0,117,37,68,23,126,1010,18,36,
DET,2005,Rasheed Wallace,30,PF,79,79,34.0,5.9,13.4,.440,0.9,3.0,.318,5.0,10.5,.475,.475,1.7,2.5,.697,2.2,5.9,8.2,1.8,0.8,1.5,1.6,3.0,14.5,DPOY-16,30,PF,79,79,2687,0,0,0,68,32,7.5,8.8,75,32,144,14,87,307,18,34,DPOY-16
DET,2005,Antonio McDyess,30,PF,77,8,23.3,4.0,7.8,.513,0.0,0.0,.000,4.0,7.8,.514,.513,1.6,2.5,.656,2.3,4.0,6.3,0.9,0.6,0.7,1.2,2.6,9.6,6MOY-7,30,PF,77,8,1797,0,0,0,98,2,0.2,-8.0,28,23,93,19,79,159,10,35,6MOY-7
DET,2005,Carlos Arroyo,25,PG,40,0,17.7,1.9,4.9,.376,0.0,0.3,.083,1.8,4.6,.395,.378,1.7,2.2,.767,0.4,1.1,1.5,3.2,0.6,0.0,1.3,1.9,5.4,,25,PG,40,0,706,94,6,0,0,0,-3.9,-10.3,25,13,24,9,27,275,3,15,
DET,2005,Carlos Delfino,22,SG,30,4,15.3,1.4,3.9,.359,0.3,1.2,.257,1.1,2.7,.402,.397,0.8,1.3,.575,0.4,1.4,1.8,1.3,0.7,0.2,0.8,1.5,3.9,,22,SG,30,4,459,0,57,43,0,0,-2.2,-7.7,12,4,17,2,13,84,2,12,
DET,2005,Lindsey Hunter,34,SG,76,3,15.1,1.4,4.0,.358,0.3,1.1,.274,1.1,2.9,.390,.396,0.6,0.8,.793,0.5,1.1,1.6,1.7,0.9,0.2,0.9,1.6,3.8,,34,SG,76,3,1144,39,60,1,0,0,1.1,-4.8,41,15,39,7,18,277,3,19,
DET,2005,Elden Campbell,36,C,30,1,11.3,1.3,3.9,.336,0.0,0.1,.000,1.3,3.8,.342,.336,1.3,1.7,.784,0.8,1.9,2.7,0.5,0.3,0.2,0.9,1.6,3.9,,36,C,30,1,340,0,0,0,14,87,-0.3,-5.4,9,6,23,8,21,33,1,11,
DET,2005,Ronald Dupree,24,SF,47,0,10.0,1.3,2.7,.480,0.0,0.0,.500,1.3,2.7,.480,.484,0.6,1.0,.617,0.7,1.3,2.0,0.5,0.1,0.2,0.5,1.3,3.2,,24,SF,47,0,472,0,3,95,2,0,-2.5,-8.0,12,7,29,0,23,52,2,7,
DET,2005,Derrick Coleman,37,C,5,0,10.0,0.6,2.8,.214,0.0,0.4,.000,0.6,2.4,.250,.214,0.6,0.6,1.000,0.6,2.4,3.0,0.0,0.0,0.0,0.4,1.2,1.8,,37,C,5,0,50,0,0,0,35,65,-24.9,-29.8,1,1,5,0,2,0,1,1,
DET,2005,Smush Parker,23,PG,11,1,10.0,1.0,2.5,.393,0.2,0.8,.222,0.8,1.7,.474,.429,0.8,1.2,.692,0.2,0.6,0.8,1.0,0.3,0.0,0.9,1.2,3.0,,23,PG,11,1,110,76,24,0,0,0,-21.5,-26.8,6,3,4,0,4,24,0,2,
DET,2005,Horace Jenkins,30,PG,15,0,6.9,1.0,3.0,.333,0.0,0.6,.000,1.0,2.4,.417,.333,0.8,0.9,.923,0.2,0.4,0.6,0.6,0.3,0.1,0.5,0.4,2.8,,30,PG,15,0,104,100,0,0,0,0,-6.5,-11.4,3,3,2,1,6,18,1,8,
DET,2005,Darko Miličić,19,C,37,2,6.9,0.7,2.1,.329,0.0,0.0,,0.7,2.1,.329,.329,0.5,0.6,.708,0.1,1.1,1.2,0.2,0.1,0.5,0.4,0.8,1.8,,19,C,37,2,254,0,0,0,0,100,2.8,-2.0,5,9,15,0,10,15,0,2,
DET,2005,Anthony Goldwire,33,PG,9,0,6.1,0.4,1.7,.267,0.3,1.0,.333,0.1,0.7,.167,.367,0.8,0.9,.875,0.1,0.8,0.9,0.0,0.0,0.0,0.1,0.6,2.0,,33,PG,9,0,55,100,0,0,0,0,-22.3,-27.2,1,0,2,0,3,0,0,0,
DET,2005,Darvin Ham,31,SF,47,0,5.9,0.4,0.8,.459,0.0,0.0,,0.4,0.8,.459,.459,0.3,0.7,.387,0.4,0.3,0.7,0.1,0.1,0.1,0.2,0.8,1.0,,31,SF,47,0,275,0,4,72,24,0,-12.2,-18.0,2,3,13,1,13,10,1,4,
DET,2005,Team Totals,,,82,82,243.4,34.8,78.3,.444,4.4,12.8,.345,30.3,65.5,.463,.472,19.4,26.2,.739,12.9,30.6,43.4,21.8,7.0,6.1,13.8,20.0,93.3,,,,82,82,19955,20,20,20,20,20,4.6,4.3,557,275,715,148,838,3888,139,367,
BOS,2000,Antoine Walker,23,PF,82,82,36.6,7.9,18.4,.430,0.9,3.5,.256,7.0,14.9,.471,.455,3.8,5.4,.699,2.4,5.5,8.0,3.7,1.4,0.4,3.2,3.2,20.5,,23,PF,82,82,3003,0,0,13,87,0,0.2,3.2,100,70,89,41,190,9,684,43,141
BOS,2000,Paul Pierce,22,SF,73,72,35.4,6.7,15.1,.442,1.3,3.8,.343,5.3,11.2,.476,.486,4.9,6.2,.798,1.1,4.3,5.4,3.0,2.1,0.8,2.4,3.2,19.5,,22,SF,73,72,2583,0,29,70,0,0,4.2,13.8,69,44,113,38,176,30,496,33,63
BOS,2000,Kenny Anderson,29,PG,82,82,31.6,5.3,12.0,.440,1.0,2.7,.386,4.3,9.3,.456,.483,2.4,3.1,.775,0.7,2.1,2.7,5.1,1.7,0.1,1.6,2.8,14.0,,29,PG,82,82,2593,97,3,0,0,0,2.0,7.4,55,45,68,16,84,10,914,19,60
BOS,2000,Adrian Griffin,25,SG,72,47,26.8,2.4,5.7,.424,0.2,0.8,.281,2.2,4.9,.447,.443,1.7,2.2,.753,1.8,3.4,5.2,2.5,1.6,0.2,1.3,3.1,6.7,,25,SG,72,47,1927,0,99,1,0,0,-1.1,-1.0,37,29,95,10,62,14,397,9,39
BOS,2000,Vitaly Potapenko,24,C,79,72,22.7,3.9,7.8,.499,0.0,0.0,.000,3.9,7.8,.500,.499,1.4,2.0,.681,2.3,4.0,6.3,1.0,0.5,0.4,1.8,3.0,9.2,,24,C,79,72,1797,0,0,0,0,100,-0.2,0.6,41,29,94,38,68,17,178,13,47
BOS,2000,Eric Williams,27,SF,68,17,20.3,2.4,5.7,.427,0.4,1.1,.347,2.1,4.6,.446,.460,2.0,2.5,.793,0.8,1.5,2.3,1.4,0.6,0.2,1.0,2.4,7.2,,27,SF,68,17,1378,0,2,94,4,0,-2.2,-2.5,19,14,65,17,63,24,204,19,30
BOS,2000,Calbert Cheaney,28,SG,67,19,19.5,1.8,4.1,.440,0.3,0.8,.333,1.5,3.3,.466,.473,0.1,0.3,.429,0.3,1.7,2.1,1.2,0.7,0.2,0.7,2.4,4.0,,28,SG,67,19,1309,0,76,24,0,0,-2.8,-3.4,22,11,59,5,7,14,182,3,6
BOS,2000,Tony Battie,23,C,82,4,18.4,2.7,5.6,.477,0.0,0.1,.125,2.7,5.5,.483,.478,1.2,1.8,.675,1.9,3.1,5.0,0.8,0.6,0.9,0.8,3.0,6.6,,23,C,82,4,1505,0,0,0,10,90,0.6,1.9,31,14,122,6,58,11,139,13,21
BOS,2000,Dana Barros,32,PG,72,0,15.8,2.7,6.0,.451,0.8,2.0,.410,1.9,4.0,.471,.518,0.9,1.1,.868,0.2,1.2,1.4,1.8,0.4,0.1,0.9,1.1,7.2,,32,PG,72,0,1139,100,0,0,0,0,-5.5,-6.9,34,15,30,3,18,16,298,0,8
BOS,2000,Danny Fortson,23,PF,55,5,15.6,2.5,4.8,.528,0.0,0.0,,2.5,4.8,.528,.528,2.5,3.4,.735,2.6,4.1,6.7,0.5,0.4,0.1,1.2,3.3,7.6,,23,PF,55,5,856,0,0,9,45,46,-0.4,0.3,12,11,68,28,73,17,62,19,36
BOS,2000,Walter McCarty,25,PF,61,5,14.4,1.3,3.8,.339,0.6,1.8,.309,0.7,2.0,.367,.413,0.6,0.9,.722,0.5,1.3,1.8,1.1,0.4,0.4,1.1,1.4,3.8,,25,PF,61,5,879,0,0,1,82,17,-5.3,-6.1,32,12,37,6,19,15,155,1,9
BOS,2000,Wayne Turner,23,PG,3,0,13.7,0.3,2.0,.167,0.0,0.0,,0.3,2.0,.167,.167,0.7,2.0,.333,0.3,0.7,1.0,1.7,0.0,0.0,1.0,1.3,1.3,,23,PG,3,0,41,100,0,0,0,0,-5.6,-5.1,0,1,2,0,3,1,12,0,0
BOS,2000,Pervis Ellison,32,C,30,5,9.0,0.6,1.4,.442,0.0,0.0,,0.6,1.4,.442,.442,0.5,0.7,.714,1.0,1.3,2.2,0.4,0.3,0.3,0.4,2.2,1.8,,32,C,30,5,269,0,0,0,11,89,-22.1,-23.1,4,1,28,5,9,4,26,1,3
BOS,2000,Doug Overton,30,PG,48,0,9.0,1.3,3.2,.396,0.2,0.6,.357,1.1,2.6,.405,.429,0.4,0.4,.952,0.3,0.4,0.7,1.1,0.2,0.0,0.4,1.0,3.2,,30,PG,48,0,432,60,38,2,0,0,-2.2,-1.9,9,6,17,2,5,2,113,2,8
BOS,2000,Jamel Thomas,26,SF,3,0,6.3,1.7,3.3,.500,0.0,0.3,.000,1.7,3.0,.556,.500,0.3,0.3,1.000,0.0,0.7,0.7,0.7,0.0,0.0,0.3,0.0,3.7,,26,SF,3,0,19,0,45,55,0,0,-55.0,-54.7,0,0,0,0,1,0,4,1,0
BOS,2000,Team Totals,,,82,82,240.6,37.2,83.9,.444,5.1,15.4,.331,32.2,68.5,.469,.474,19.8,26.5,.745,13.5,29.5,43.0,21.2,9.7,3.5,15.4,27.1,99.3,,,,82,82,19730,20,20,20,20,20,-0.6,1.9,465,302,887,215,836,184,3864,176,471
BOS,2001,Antoine Walker,24,PF,81,81,41.9,8.8,21.2,.413,2.7,7.4,.367,6.0,13.8,.439,.478,3.1,4.3,.716,1.9,7.0,8.9,5.5,1.7,0.6,3.7,3.1,23.4,,24,PF,81,81,3396,0,0,3,96,1,-2.4,0.7,129,82,90,42,149,960,38,116,
BOS,2001,Paul Pierce,23,SF,82,82,38.0,8.4,18.5,.454,1.8,4.7,.383,6.6,13.8,.478,.503,6.7,9.0,.745,1.1,5.2,6.4,3.1,1.7,0.8,3.2,3.1,25.3,MVP-13,23,SF,82,82,3120,1,29,70,0,0,-1.8,2.9,92,92,107,38,292,588,69,89,MVP-13
BOS,2001,Bryant Stith,30,SG,78,74,32.1,3.1,7.8,.401,1.2,3.1,.376,2.0,4.7,.417,.475,2.2,2.7,.845,0.8,2.8,3.6,2.2,1.2,0.2,1.2,2.3,9.7,,30,SG,78,74,2504,1,97,3,0,0,-3.3,-2.3,43,24,72,14,66,397,10,43,
BOS,2001,Kenny Anderson,30,PG,33,28,25.7,2.7,6.9,.388,0.3,1.0,.333,2.3,5.9,.397,.412,1.8,2.2,.831,0.5,1.7,2.2,4.1,1.3,0.1,1.6,1.9,7.5,,30,PG,33,28,849,100,0,0,0,0,-4.9,-3.1,25,13,21,6,27,322,6,13,
BOS,2001,Vitaly Potapenko,25,C,82,7,23.2,3.0,6.4,.476,0.0,0.0,,3.0,6.4,.476,.476,1.4,1.9,.728,2.5,3.5,6.0,0.8,0.6,0.3,1.3,2.8,7.5,,25,C,82,7,1901,0,0,0,1,99,-2.4,0.1,32,30,89,9,65,152,14,39,
BOS,2001,Randy Brown,32,PG,54,35,22.9,1.9,4.4,.422,0.0,0.1,.000,1.9,4.3,.427,.422,0.4,0.7,.575,0.4,1.4,1.8,2.9,1.1,0.2,1.0,2.4,4.1,,32,PG,54,35,1238,100,0,0,0,0,-2.2,0.4,35,14,50,6,11,383,1,16,
BOS,2001,Eric Williams,28,SF,81,11,21.5,2.0,5.5,.362,0.6,1.7,.331,1.4,3.8,.375,.413,2.0,2.9,.714,0.8,1.8,2.6,1.4,0.8,0.2,0.9,2.2,6.6,,28,SF,81,11,1745,0,3,86,11,0,0.1,4.6,35,16,78,17,86,263,15,33,
BOS,2001,Tony Battie,24,C,40,25,21.1,2.7,5.0,.537,0.0,0.1,.000,2.7,5.0,.545,.537,1.1,1.7,.638,1.8,4.0,5.8,0.4,0.7,1.5,0.9,3.2,6.5,,24,C,40,25,845,0,0,0,6,94,-1.9,0.7,12,9,71,4,27,36,7,7,
BOS,2001,Doug Overton,31,PG,7,1,20.6,2.1,6.3,.341,0.1,0.6,.250,2.0,5.7,.350,.352,1.0,1.6,.636,0.4,1.7,2.1,2.7,0.6,0.0,1.9,2.1,5.4,,31,PG,7,1,144,100,0,0,0,0,-9.5,-7.3,6,3,6,2,3,43,1,3,
BOS,2001,Rick Brunson,28,PG,7,0,20.3,1.4,5.0,.286,0.3,1.6,.182,1.1,3.4,.333,.314,0.6,1.3,.444,0.3,1.0,1.3,3.4,1.0,0.1,1.3,2.3,3.7,,28,PG,7,0,142,100,0,0,0,0,-4.8,-2.4,6,3,6,0,3,61,1,5,
BOS,2001,Milt Palacio,22,PG,58,6,19.7,2.2,4.6,.472,0.2,0.6,.333,2.0,4.0,.494,.494,1.3,1.6,.848,0.4,1.3,1.8,2.6,0.8,0.0,1.4,1.4,5.9,,22,PG,58,6,1141,99,1,0,0,0,-0.8,2.4,32,32,31,6,37,364,10,25,
BOS,2001,Mark Blount,25,C,64,50,17.2,1.6,3.1,.505,0.0,0.0,,1.6,3.1,.505,.505,0.7,1.0,.697,1.5,2.1,3.6,0.5,0.6,1.2,1.0,2.9,3.9,,25,C,64,50,1098,0,0,0,0,100,-3.5,-1.5,12,23,88,8,32,74,6,21,
BOS,2001,Chris Herren,25,PG,25,7,16.3,1.2,3.8,.302,0.6,2.2,.291,0.5,1.6,.317,.385,0.4,0.5,.750,0.2,0.7,0.8,2.2,0.6,0.0,0.8,1.7,3.3,,25,PG,25,7,408,100,0,0,0,0,0.4,3.2,9,8,11,2,6,135,0,6,
BOS,2001,Chris Carr,26,SG,35,0,8.8,1.5,3.2,.473,0.5,1.1,.459,1.0,2.1,.480,.549,1.3,1.7,.767,0.3,0.9,1.3,0.3,0.1,0.1,0.5,1.3,4.8,,26,SG,35,0,309,3,95,2,0,0,-10.9,-9.2,6,6,16,5,20,27,0,6,
BOS,2001,Adrian Griffin,26,SF,44,0,8.6,0.8,2.2,.340,0.2,0.6,.346,0.5,1.6,.338,.387,0.4,0.5,.750,0.6,1.4,2.0,0.6,0.4,0.1,0.4,1.0,2.1,,26,SF,44,0,377,1,71,28,0,0,-4.0,-1.7,2,8,19,4,11,60,1,8,
BOS,2001,Walter McCarty,26,PF,60,3,8.0,0.8,2.1,.357,0.3,0.9,.339,0.4,1.2,.371,.433,0.4,0.5,.786,0.4,1.0,1.4,0.7,0.2,0.1,0.3,1.4,2.2,,26,PF,60,3,478,0,0,3,75,22,-3.0,-0.6,10,6,39,1,10,92,0,7,
BOS,2001,Jérôme Moïso,22,C,24,0,5.6,0.5,1.3,.400,0.0,0.0,.000,0.5,1.2,.414,.400,0.5,1.1,.423,0.5,1.3,1.8,0.1,0.1,0.2,0.8,1.2,1.5,,22,C,24,0,135,0,0,0,65,35,-4.6,-2.3,10,4,18,4,7,7,0,3,
BOS,2001,Team Totals,,,82,82,241.8,33.8,79.1,.428,7.2,19.9,.363,26.6,59.2,.450,.473,19.8,26.7,.740,10.9,28.9,39.8,20.8,9.4,4.1,15.7,23.8,94.6,,,,82,82,19830,20,20,20,20,20,-2.4,0.5,496,373,812,168,852,3964,179,440,
BOS,2002,Antoine Walker,25,PF,81,81,42.0,8.2,20.9,.394,2.7,8.0,.344,5.5,12.9,.425,.460,3.0,4.0,.741,1.9,7.0,8.8,5.0,1.5,0.5,3.1,2.9,22.1,AS,25,PF,81,81,3406,0,0,7,86,7,2.9,4.7,114,74,79,42,140,902,30,125,AS
BOS,2002,Paul Pierce,24,SG,82,82,40.3,8.6,19.5,.442,2.6,6.3,.404,6.1,13.1,.461,.508,6.3,7.8,.809,1.0,5.9,6.9,3.2,1.9,1.0,2.9,2.9,26.1,"MVP-11,AS,NBA3",24,SG,82,82,3302,0,74,26,0,0,4.4,12.4,104,86,109,33,259,609,56,97,"MVP-11,AS,NBA3"
BOS,2002,Kenny Anderson,31,PG,76,76,32.0,4.1,9.4,.436,0.1,0.4,.273,4.0,9.0,.444,.442,1.3,1.7,.742,0.8,2.9,3.6,5.3,1.9,0.1,1.6,2.8,9.6,,31,PG,76,76,2430,100,0,0,0,0,4.9,6.7,71,33,103,6,50,960,12,52,
BOS,2002,Tony Delk,28,SG,22,16,25.9,2.7,7.8,.349,0.9,3.0,.299,1.8,4.8,.381,.407,1.0,1.4,.733,0.9,2.7,3.6,2.3,1.0,0.3,0.9,1.7,7.4,,28,SG,22,16,570,39,61,0,0,0,5.6,3.9,8,7,18,2,12,127,0,6,
BOS,2002,Tony Battie,25,C,74,73,24.6,2.9,5.3,.541,0.0,0.0,.000,2.9,5.2,.544,.541,1.2,1.8,.677,2.5,4.0,6.5,0.5,0.8,0.9,0.7,3.0,6.9,,25,C,74,73,1819,0,0,0,1,99,4.8,4.7,15,23,136,4,57,82,10,27,
BOS,2002,Eric Williams,29,SF,74,30,23.6,1.9,5.2,.374,0.3,1.2,.279,1.6,4.0,.401,.405,2.2,3.0,.731,0.8,2.2,3.0,1.5,1.0,0.1,1.3,2.4,6.4,,29,SF,74,30,1747,0,2,74,24,0,4.6,4.2,41,28,82,17,85,272,14,42,
BOS,2002,Rodney Rogers,30,SF,27,1,23.2,4.0,8.2,.482,1.4,3.5,.411,2.5,4.7,.535,.570,1.3,1.9,.700,1.3,2.7,4.0,1.5,0.6,0.4,1.6,2.9,10.7,,30,SF,27,1,626,0,7,80,13,0,9.5,8.6,17,13,31,7,29,92,12,16,
BOS,2002,Joe Johnson,20,SG,48,33,20.9,2.7,6.2,.439,0.5,1.8,.273,2.2,4.3,.510,.480,0.4,0.5,.769,0.8,2.1,2.9,1.5,0.7,0.2,0.6,1.2,6.3,,20,SG,48,33,1003,0,15,85,1,0,0.7,-2.1,15,8,29,2,11,179,1,15,
BOS,2002,Erick Strickland,28,PG,79,4,20.8,2.4,6.2,.389,1.2,3.1,.385,1.2,3.1,.394,.487,1.7,2.0,.845,0.3,2.4,2.7,2.3,0.7,0.0,1.2,1.8,7.7,,28,PG,79,4,1643,48,52,0,0,0,-2.3,-7.9,57,20,49,9,42,455,8,30,
BOS,2002,Vitaly Potapenko,26,C,79,9,17.0,1.7,3.8,.455,0.0,0.0,,1.7,3.8,.455,.455,1.1,1.5,.742,2.1,2.3,4.4,0.4,0.5,0.2,0.8,2.2,4.6,,26,C,79,9,1343,0,0,0,3,97,-3.0,-8.0,19,18,74,8,50,72,6,32,
BOS,2002,Walter McCarty,27,PF,56,0,12.8,1.4,3.2,.444,0.7,1.8,.394,0.7,1.4,.506,.553,0.2,0.3,.684,0.6,1.7,2.3,0.7,0.3,0.1,0.4,1.5,3.8,,27,PF,56,0,718,0,0,5,67,29,-0.7,-3.7,11,7,41,4,6,100,1,6,
BOS,2002,Milt Palacio,23,PG,41,0,12.6,1.3,3.3,.385,0.3,0.8,.353,1.0,2.5,.396,.430,0.9,1.2,.706,0.2,1.0,1.2,1.3,0.5,0.1,0.6,0.9,3.7,,23,PG,41,0,518,99,1,0,0,0,-10.1,-14.2,8,10,23,3,18,132,3,14,
BOS,2002,Mark Blount,26,C,44,0,9.4,0.7,1.7,.421,0.0,0.0,,0.7,1.7,.421,.421,0.7,0.8,.811,0.6,1.3,1.9,0.2,0.4,0.4,0.5,1.3,2.1,,26,C,44,0,415,0,0,0,0,100,-6.9,-10.3,6,7,32,3,15,24,3,10,
BOS,2002,Kedrick Brown,20,SF,29,5,8.4,0.8,2.4,.329,0.2,0.9,.185,0.6,1.5,.419,.364,0.4,0.7,.600,0.4,1.3,1.7,0.5,0.6,0.2,0.2,0.6,2.2,,20,SF,29,5,245,0,20,80,0,0,-0.6,-3.1,1,4,6,1,7,39,0,3,
BOS,2002,Randy Brown,33,PG,1,0,6.0,0.0,1.0,.000,0.0,0.0,,0.0,1.0,.000,.000,0.0,0.0,,0.0,0.0,0.0,2.0,0.0,1.0,0.0,1.0,0.0,,33,PG,1,0,6,100,0,0,0,0,-40.0,-42.3,0,0,1,0,0,4,0,0,
BOS,2002,Joseph Forte,20,SG,8,0,4.9,0.1,1.5,.083,0.0,0.4,.000,0.1,1.1,.111,.083,0.5,0.5,1.000,0.1,0.6,0.8,0.8,0.3,0.0,0.4,0.1,0.8,,20,SG,8,0,39,23,77,0,0,0,-23.4,-26.0,1,1,1,0,2,14,0,1,
BOS,2002,Team Totals,,,82,82,241.8,34.8,82.1,.424,8.5,23.7,.359,26.3,58.4,.450,.476,18.3,23.9,.764,10.9,31.3,42.2,21.0,9.7,3.6,13.6,21.7,96.4,,,,82,82,19830,20,20,20,20,20,2.3,2.8,488,339,814,141,783,4063,156,476,
BOS,2003,Antoine Walker,26,PF,78,78,41.5,7.7,19.9,.388,2.4,7.5,.323,5.3,12.5,.427,.449,2.3,3.7,.615,1.3,5.9,7.2,4.8,1.5,0.4,3.3,2.8,20.1,AS,26,PF,78,78,3235,0,0,3,81,16,0.9,6.6,128,68,91,38,123,860,33,88,AS
BOS,2003,Paul Pierce,25,SG,79,79,39.2,8.4,20.2,.416,1.5,4.9,.302,6.9,15.2,.454,.454,7.6,9.5,.802,1.3,6.0,7.3,4.4,1.8,0.8,3.6,2.9,25.9,"MVP-11,AS,NBA3",25,SG,79,79,3096,0,93,7,0,0,1.9,10.7,114,113,88,43,304,856,81,98,"MVP-11,AS,NBA3"
BOS,2003,Eric Williams,30,SF,82,79,28.7,3.1,7.0,.442,0.5,1.3,.336,2.6,5.7,.467,.474,2.5,3.3,.750,1.7,2.9,4.7,1.7,1.0,0.2,1.2,2.9,9.1,,30,SF,82,79,2350,0,3,94,3,0,1.8,5.1,28,41,107,19,114,330,22,45,
BOS,2003,Tony Delk,29,PG,67,39,28.0,3.5,8.4,.416,1.8,4.5,.395,1.7,3.8,.441,.523,1.0,1.3,.782,0.6,2.9,3.5,2.2,1.1,0.1,1.0,1.9,9.8,,29,PG,67,39,1873,99,1,0,0,0,-1.3,-1.9,32,23,58,6,25,344,4,13,
BOS,2003,Tony Battie,26,C,67,62,25.1,3.0,5.5,.539,0.0,0.1,.200,3.0,5.4,.544,.541,1.3,1.8,.746,2.2,4.3,6.5,0.7,0.5,1.2,0.7,2.9,7.3,,26,C,67,62,1683,0,0,0,0,100,5.5,10.1,15,16,135,7,49,120,6,13,
BOS,2003,Walter McCarty,28,SF,82,8,23.8,2.1,5.1,.414,1.1,3.0,.367,1.0,2.1,.482,.523,0.7,1.2,.622,0.8,2.7,3.5,1.3,1.0,0.3,0.8,2.3,6.1,,28,SF,82,8,1949,0,0,54,44,2,-1.6,-2.5,33,15,109,4,30,249,4,11,
BOS,2003,J.R. Bremer,22,PG,64,41,23.5,2.7,7.3,.369,1.6,4.5,.353,1.1,2.8,.393,.477,1.3,1.7,.766,0.3,2.0,2.3,2.6,0.6,0.0,0.9,1.3,8.3,,22,PG,64,41,1503,85,15,0,0,0,-2.6,-3.7,23,19,34,10,37,392,1,23,
BOS,2003,Shammond Williams,27,PG,51,2,22.9,2.6,6.6,.396,1.1,3.1,.352,1.5,3.5,.436,.479,0.9,1.1,.842,0.2,1.9,2.2,2.5,1.2,0.1,1.2,1.6,7.3,,27,PG,51,2,1169,56,44,0,0,0,0.0,0.5,30,17,39,2,17,313,5,11,
BOS,2003,Mark Blount,27,C,27,7,19.2,1.7,3.0,.563,0.0,0.0,,1.7,3.0,.563,.563,1.1,1.5,.750,1.8,2.8,4.6,0.8,0.7,0.6,1.2,2.8,4.4,,27,C,27,7,518,0,0,0,0,100,-6.4,-7.0,7,11,32,7,22,46,6,10,
BOS,2003,Vin Baker,31,C,52,9,18.1,1.9,4.0,.478,0.0,0.1,.000,1.9,3.9,.488,.478,1.4,2.1,.673,1.7,2.1,3.8,0.6,0.4,0.6,1.2,2.8,5.2,,31,C,52,9,942,0,0,0,2,98,-3.9,-4.7,11,20,47,16,46,73,10,34,
BOS,2003,Kedrick Brown,21,SF,51,5,13.1,1.2,3.4,.357,0.1,0.8,.077,1.1,2.6,.439,.365,0.4,0.6,.625,0.9,1.9,2.7,0.4,0.7,0.3,0.5,1.3,2.8,,21,SF,51,5,666,0,40,60,0,0,-4.5,-5.0,12,6,22,2,12,48,0,9,
BOS,2003,Bimbo Coles,34,PG,14,0,12.5,1.6,3.5,.449,0.0,0.5,.000,1.6,3.0,.524,.449,0.6,0.6,1.000,0.1,0.7,0.8,1.1,0.4,0.0,0.7,1.2,3.7,,34,PG,14,0,175,100,0,0,0,0,3.3,3.8,9,0,7,0,0,37,0,2,
BOS,2003,Grant Long,36,PF,41,1,11.9,0.7,1.7,.386,0.0,0.1,.000,0.7,1.6,.403,.386,0.4,0.6,.783,0.6,1.4,2.0,0.6,0.2,0.0,0.5,1.5,1.8,,36,PF,41,1,488,0,0,0,73,27,-4.7,-5.0,8,4,28,6,7,55,1,6,
BOS,2003,Bruno Šundov,22,C,26,0,5.3,0.5,2.2,.250,0.2,0.6,.250,0.4,1.5,.250,.286,0.0,0.1,.000,0.3,0.8,1.1,0.3,0.2,0.1,0.3,0.9,1.2,,22,C,26,0,138,0,0,0,0,100,-32.8,-33.6,5,2,10,0,1,15,0,4,
BOS,2003,Mark Bryant,37,PF,2,0,4.5,0.0,0.5,.000,0.0,0.0,,0.0,0.5,.000,.000,0.0,0.0,,0.0,1.0,1.0,0.5,0.0,0.0,0.0,1.0,0.0,,37,PF,2,0,9,0,0,0,0,100,-86.0,-85.9,0,0,2,0,0,2,0,0,
BOS,2003,Mikki Moore,27,C,3,0,4.0,0.0,0.3,.000,0.0,0.0,,0.0,0.3,.000,.000,0.0,0.0,,0.3,0.0,0.3,0.0,0.0,0.7,0.0,2.0,0.0,,27,C,3,0,12,0,0,0,17,83,-54.3,-54.1,0,0,2,0,0,0,0,0,
BOS,2003,Rubén Wolkowyski,29,PF,7,0,3.4,0.3,0.6,.500,0.0,0.1,.000,0.3,0.4,.667,.500,0.1,0.6,.250,0.0,0.1,0.1,0.1,0.0,0.0,0.1,0.4,0.7,,29,PF,7,0,24,0,0,0,100,0,-64.1,-64.2,1,0,1,0,2,2,0,0,
BOS,2003,Team Totals,,,82,82,241.8,32.9,79.4,.415,8.8,26.3,.334,24.2,53.1,.455,.470,18.0,24.3,.742,10.4,30.1,40.5,19.2,8.8,3.7,14.0,21.4,92.7,,,,82,82,19830,20,20,20,20,20,-0.3,2.5,456,355,812,160,789,3742,173,367,
BOS,2004,Paul Pierce,26,SG,80,80,38.7,7.5,18.7,.402,1.4,4.8,.299,6.1,13.9,.438,.441,6.5,7.9,.819,0.9,5.7,6.5,5.1,1.6,0.7,3.8,2.9,23.0,AS,26,SG,80,80,3099,0,54,46,0,0,-1.3,0.6,131,103,100,40,226,973,49,77,AS
BOS,2004,Chucky Atkins,29,PG,24,24,33.0,4.3,10.4,.418,1.6,4.6,.351,2.7,5.8,.471,.496,1.8,2.3,.778,0.1,1.8,1.9,5.3,1.1,0.0,1.8,1.8,12.0,,29,PG,24,24,793,100,0,0,0,0,2.1,4.3,30,11,9,3,12,282,3,12,
BOS,2004,Mike James,28,PG,55,55,30.6,3.9,9.3,.418,1.6,4.1,.381,2.3,5.2,.447,.502,1.4,1.7,.800,0.4,2.8,3.2,4.4,1.3,0.0,1.5,2.1,10.7,,28,PG,55,55,1684,100,0,0,0,0,0.1,2.6,49,24,59,6,27,550,6,29,
BOS,2004,Ricky Davis,24,SF,57,5,29.4,5.5,11.2,.488,0.6,1.6,.380,4.9,9.6,.506,.516,2.5,3.5,.732,1.0,3.1,4.2,2.6,1.2,0.2,2.1,2.1,14.1,6MOY-14,24,SF,57,5,1678,0,1,84,15,0,-2.8,-2.5,56,38,53,9,79,356,15,31,6MOY-14
BOS,2004,Mark Blount,28,C,82,73,29.3,4.2,7.4,.566,0.0,0.0,,4.2,7.4,.566,.566,1.9,2.7,.719,2.5,4.7,7.2,0.9,1.0,1.3,1.8,3.1,10.3,,28,C,82,73,2402,0,0,0,12,88,-0.9,1.4,27,69,131,27,111,173,23,44,
BOS,2004,Vin Baker,32,PF,37,33,27.0,4.5,9.0,.505,0.0,0.0,.000,4.5,9.0,.506,.505,2.2,3.0,.732,2.1,3.6,5.7,1.5,0.6,0.6,1.4,2.6,11.3,,32,PF,37,33,1000,0,0,0,82,18,-2.8,-1.8,14,13,41,13,56,125,19,36,
BOS,2004,Jiří Welsch,24,SG,81,68,26.9,3.2,7.6,.428,0.9,2.2,.381,2.4,5.3,.448,.484,1.9,2.5,.743,0.7,2.9,3.7,2.3,1.2,0.1,1.6,2.2,9.2,,24,SG,81,68,2179,6,93,1,0,0,-2.3,-2.1,53,57,84,11,77,416,12,46,
BOS,2004,Walter McCarty,29,PF,77,23,24.7,2.6,6.8,.388,1.8,4.8,.374,0.9,2.0,.420,.519,0.8,1.1,.756,0.4,2.7,3.1,1.6,0.9,0.3,1.2,2.3,7.9,,29,PF,77,23,1900,0,0,6,92,2,-2.2,-1.6,49,24,98,11,24,274,7,14,
BOS,2004,Eric Williams,31,SF,21,0,24.4,3.7,8.4,.435,0.5,1.5,.344,3.1,6.9,.455,.466,3.7,5.2,.716,1.0,3.5,4.5,1.2,1.0,0.0,1.5,2.5,11.6,,31,SF,21,0,513,0,5,68,27,0,4.5,6.7,8,9,20,11,48,54,10,12,
BOS,2004,Tony Battie,27,C,23,6,21.8,2.4,5.1,.479,0.0,0.0,1.000,2.4,5.0,.474,.483,1.0,1.4,.697,1.7,3.4,5.1,0.9,0.3,0.9,1.0,2.4,5.9,,27,C,23,6,501,0,0,0,27,74,-4.0,-3.0,7,6,36,6,15,46,1,6,
BOS,2004,Kedrick Brown,22,SF,21,10,19.4,2.1,4.7,.455,0.6,1.5,.375,1.6,3.2,.493,.515,0.4,0.6,.615,0.9,2.4,3.2,1.2,0.8,0.1,0.6,1.8,5.2,,22,SF,21,10,408,0,15,85,0,0,7.6,10.0,6,3,15,2,7,57,3,5,
BOS,2004,Raef LaFrentz,27,C,17,1,19.3,3.4,7.3,.460,0.5,2.4,.200,2.9,4.9,.583,.492,0.6,0.8,.769,1.8,2.9,4.6,1.4,0.5,0.8,0.6,2.8,7.8,,27,C,17,1,328,0,0,0,37,64,10.8,13.3,7,2,25,1,5,51,1,3,
BOS,2004,Chris Mihm,24,C,54,16,17.4,2.4,4.7,.500,0.0,0.0,,2.4,4.7,.500,.500,1.4,2.2,.644,2.0,3.0,5.1,0.2,0.5,0.8,1.2,2.8,6.1,,24,C,54,16,939,0,0,0,0,100,-5.3,-5.1,14,19,82,15,53,23,8,30,
BOS,2004,Marcus Banks,22,PG,81,2,17.1,2.2,5.5,.400,0.3,1.1,.314,1.9,4.4,.421,.431,1.2,1.6,.756,0.4,1.3,1.6,2.2,1.1,0.2,1.5,2.1,5.9,,22,PG,81,2,1385,97,3,0,0,0,-3.9,-3.9,50,40,51,19,41,387,5,42,
BOS,2004,Brandon Hunter,23,PF,36,12,11.3,1.5,3.2,.457,0.0,0.1,.000,1.5,3.1,.469,.457,0.5,1.2,.442,1.4,1.9,3.3,0.5,0.4,0.0,0.6,1.1,3.5,,23,PF,36,12,406,0,0,4,95,2,-0.8,0.7,13,8,28,1,22,42,9,16,
BOS,2004,Dana Barros,36,SG,1,0,11.0,2.0,3.0,.667,0.0,0.0,,2.0,3.0,.667,.667,2.0,2.0,1.000,0.0,0.0,0.0,0.0,0.0,0.0,0.0,2.0,6.0,,36,SG,1,0,11,0,100,0,0,0,-68.0,-66.8,0,0,1,0,1,0,0,0,
BOS,2004,Jumaine Jones,24,SG,42,2,8.9,0.8,2.3,.344,0.3,1.0,.295,0.5,1.2,.385,.411,0.3,0.5,.609,0.6,1.0,1.6,0.3,0.3,0.2,0.5,1.1,2.2,,24,SG,42,2,373,0,18,75,7,0,-6.1,-5.2,6,9,22,3,11,33,0,4,
BOS,2004,Michael Stewart,28,C,17,0,4.2,0.1,0.3,.400,0.0,0.0,,0.1,0.3,.400,.400,0.1,0.1,.500,0.2,0.5,0.6,0.0,0.1,0.1,0.1,0.8,0.3,,28,C,17,0,71,0,0,2,22,76,-3.5,-2.2,1,0,6,0,1,0,0,0,
BOS,2004,Kendrick Perkins,19,C,10,0,3.5,0.8,1.5,.533,0.0,0.0,,0.8,1.5,.533,.533,0.6,0.9,.667,0.5,0.9,1.4,0.3,0.0,0.2,0.5,0.6,2.2,,19,C,10,0,35,0,0,0,11,89,22.9,24.5,2,2,1,0,4,8,1,1,
BOS,2004,Team Totals,,,82,82,240.3,34.7,78.2,.443,6.7,19.5,.346,27.9,58.7,.475,.486,19.2,25.5,.750,10.4,29.8,40.1,20.5,9.4,4.0,16.2,22.4,95.3,,,,82,82,19705,20,20,20,20,20,-1.4,-0.1,523,437,862,178,820,3850,172,408,
BOS,2005,Paul Pierce,27,SF,82,82,36.1,6.8,14.9,.455,1.3,3.6,.370,5.5,11.4,.481,.499,6.7,8.1,.822,1.0,5.6,6.6,4.2,1.6,0.5,2.8,3.1,21.6,AS,27,SF,82,82,2960,0,1,90,8,1,2.9,7.9,108,64,132,34,227,782,45,65,AS
BOS,2005,Antoine Walker,28,PF,24,24,34.5,6.7,15.2,.442,1.0,3.0,.342,5.7,12.1,.467,.477,1.8,3.3,.557,2.3,5.9,8.3,3.0,1.0,1.1,2.9,2.9,16.3,,28,PF,24,24,827,0,0,2,95,3,0.4,-0.7,22,25,44,10,39,155,11,28,
BOS,2005,Gary Payton,36,PG,77,77,33.0,4.4,9.4,.468,0.5,1.7,.326,3.9,7.7,.498,.497,2.0,2.6,.761,0.6,2.4,3.1,6.1,1.1,0.2,1.9,1.6,11.3,,36,PG,77,77,2541,99,1,0,0,0,0.9,0.0,87,32,42,20,75,1039,21,47,
BOS,2005,Ricky Davis,25,SG,82,11,32.9,5.9,12.7,.462,0.7,2.2,.339,5.1,10.5,.488,.491,3.5,4.3,.815,0.8,2.2,3.0,3.0,1.1,0.3,2.5,2.1,16.0,6MOY-2,25,SG,82,11,2696,1,71,27,1,0,-1.3,-7.0,105,56,82,14,139,556,25,50,6MOY-2
BOS,2005,Raef LaFrentz,28,PF,80,80,27.5,4.3,8.6,.496,1.0,2.8,.364,3.2,5.8,.559,.555,1.5,1.9,.811,1.9,5.0,6.9,1.2,0.5,1.2,0.9,3.3,11.1,,28,PF,80,80,2196,0,0,0,68,32,2.2,2.8,37,18,158,10,73,226,26,58,
BOS,2005,Mark Blount,29,C,82,57,26.0,4.0,7.5,.529,0.0,0.0,.000,4.0,7.5,.530,.529,1.4,2.0,.713,1.7,3.1,4.8,1.6,0.4,0.8,1.9,2.8,9.4,,29,C,82,57,2130,0,0,0,0,100,-0.5,-3.2,50,52,125,17,74,277,16,31,
BOS,2005,Jiří Welsch,25,SG,55,32,20.5,2.5,5.8,.428,0.6,1.8,.323,1.9,4.0,.475,.478,2.0,2.6,.773,0.4,2.2,2.5,1.5,0.7,0.1,1.1,1.9,7.5,,25,SG,55,32,1125,0,53,37,10,0,-1.8,-3.8,25,16,47,10,61,177,13,12,
BOS,2005,Tony Allen,23,SG,77,34,16.4,2.4,5.0,.475,0.2,0.4,.387,2.2,4.6,.483,.491,1.5,2.0,.737,1.1,1.8,2.9,0.8,1.0,0.3,1.0,2.0,6.4,,23,SG,77,34,1262,4,93,4,0,0,7.0,8.8,31,25,77,13,68,143,11,31,
BOS,2005,Al Jefferson,20,PF,71,1,14.8,2.7,5.2,.528,0.0,0.0,.000,2.7,5.2,.533,.528,1.2,1.9,.630,1.7,2.7,4.4,0.3,0.3,0.8,0.9,2.7,6.7,,20,PF,71,1,1051,0,0,0,45,55,-1.3,-3.1,15,29,121,12,63,53,15,37,
BOS,2005,Marcus Banks,23,PG,81,2,14.1,1.4,3.5,.402,0.3,0.7,.356,1.2,2.8,.414,.439,1.5,2.0,.742,0.4,1.2,1.6,1.9,0.8,0.2,1.0,1.8,4.6,,23,PG,81,2,1145,100,0,0,0,0,1.6,0.9,30,23,43,12,54,335,10,19,
BOS,2005,Delonte West,21,SG,39,7,13.0,1.7,4.0,.426,0.6,1.7,.358,1.1,2.3,.477,.503,0.5,0.7,.704,0.4,1.3,1.7,1.4,0.5,0.2,0.6,1.8,4.5,,21,SG,39,7,507,46,54,1,0,0,0.0,-1.1,14,4,29,4,8,117,1,6,
BOS,2005,Walter McCarty,30,PF,44,0,12.6,1.4,3.4,.413,0.7,2.0,.333,0.7,1.4,.533,.513,0.2,0.3,.533,0.5,1.3,1.8,0.6,0.3,0.2,0.4,1.9,3.7,,30,PF,44,0,553,0,0,1,91,8,2.5,1.8,7,9,47,1,4,59,1,2,
BOS,2005,Tom Gugliotta,35,PF,20,0,10.9,0.6,1.9,.297,0.0,0.0,,0.6,1.9,.297,.297,0.2,0.3,.667,0.8,1.4,2.2,0.6,0.5,0.2,0.5,1.2,1.3,,35,PF,20,0,218,0,0,0,84,16,-11.2,-12.8,8,1,14,0,2,27,0,1,
BOS,2005,Kendrick Perkins,20,C,60,3,9.1,0.9,2.0,.471,0.0,0.0,,0.9,2.0,.471,.471,0.6,1.0,.638,0.9,2.1,2.9,0.4,0.2,0.6,0.7,1.6,2.5,,20,C,60,3,548,0,0,0,23,77,0.0,-1.1,12,14,38,13,24,44,4,14,
BOS,2005,Justin Reed,23,SF,23,0,5.3,0.7,1.3,.517,0.0,0.1,.000,0.7,1.1,.577,.517,0.5,0.7,.733,0.3,0.3,0.7,0.4,0.1,0.0,0.2,0.5,1.8,,23,SF,23,0,121,0,0,61,34,5,7.9,7.1,3,0,5,0,5,23,1,1,
BOS,2005,Team Totals,,,82,82,242.4,37.1,79.4,.468,5.3,15.3,.349,31.8,64.1,.496,.501,21.6,28.3,.764,11.1,29.7,40.8,22.1,8.1,5.2,15.8,24.4,101.3,,,,82,82,19880,20,20,20,20,20,0.9,0.3,554,368,1004,170,916,4013,200,402,
